MATERIAL_GUID,MATERIAL_ID,HIGHNAME,N_TRIALS,N_TRIALS_USED,YIELD_VS_CHECK_PCT,DISEASE_SCORE_MEAN,MOISTURE_PCT_MEAN,GERMINATION_PCT,FUMONISIN_PPM,MARKER_DISEASE_RESISTANCE,GENOMIC_BREEDING_VALUE,SYSTEM_RAG,SYSTEM_REASON,CAVEATS,BREEDER_DECISION,BREEDER_COMMENT,IS_SYNTHETIC,_source_file,_line_no,REBUILT_N_TRIALS_USED,YIELD_T_HA,CHECK_YIELD_T_HA,REBUILT_DISEASE_SCORE_MEAN,REBUILT_MOISTURE_PCT_MEAN,MEAN_TRIAL_RATIOS,REBUILT_YIELD_VS_CHECK_PCT,REBUILT_N_TRIALS,REBUILT_COLD_TEST_PCT,REBUILT_FUMONISIN_PPM,REBUILT_GERMINATION_PCT,COLD_TEST_PCT_LAB_SOURCE_LINE,FUMONISIN_PPM_LAB_SOURCE_LINE,GERMINATION_PCT_LAB_SOURCE_LINE,LAB_SOURCE_FILE,REBUILT_GENOMIC_BREEDING_VALUE,REBUILT_MARKER_DISEASE_RESISTANCE,GENOMICS_SOURCE_FILE,GENOMICS_SOURCE_LINE,REBUILT_EXCLUDED_TRIALS,SUPPLIED_EXCLUDED_TRIALS,N_TRIALS_MATCH,N_TRIALS_USED_MATCH,YIELD_VS_CHECK_PCT_MATCH,DISEASE_SCORE_MEAN_MATCH,MOISTURE_PCT_MEAN_MATCH,GERMINATION_PCT_MATCH,FUMONISIN_PPM_MATCH,GENOMIC_BREEDING_VALUE_MATCH,MARKER_MATCH,CAVEAT_MATCH,INFERRED_RAG,SOURCE_RAG
BDA3F23B-B83C-5375-B9B8-3ADB9CD34DC3,SYN-MZ-00001,SYNTH_LINE_00001,1,1,115.4,2.1,23.8,95.2,1.77,RESISTANT,116.4,AMBER,Check: harvest moisture 23.8 (above target 23.0); only 1 usable trial,,,,True,candidate_recommendations_synthetic.csv,2,1,10.93,9.468333333333334,2.1,23.766666666666666,115.4374229889104,115.4374229889104,1,82.98,1.77,95.21,152,302,2,lab_observations_synthetic 3.csv,116.4,RESISTANT,genomics_synthetic 2.csv,2,0,0,True,True,True,True,True,True,True,True,True,True,AMBER,AMBER
FCA1034F-23D1-5C80-B17D-CA82DC3325EB,SYN-MZ-00002,SYNTH_LINE_00002,1,1,103.7,1.9,25.7,90.6,1.58,RESISTANT,98.6,AMBER,Check: harvest moisture 25.7 (above limit 25.0); only 1 usable trial,,,,True,candidate_recommendations_synthetic.csv,3,1,9.816666666666668,9.468333333333334,1.9000000000000001,25.666666666666668,103.67892976588631,103.67892976588631,1,83.29,1.58,90.63,153,303,3,lab_observations_synthetic 3.csv,98.6,RESISTANT,genomics_synthetic 2.csv,3,0,0,True,True,True,True,True,True,True,True,True,True,AMBER,AMBER
47CB337B-F9A3-58D9-B496-C84842EE87E3,SYN-MZ-00003,SYNTH_LINE_00003,2,2,109.6,4.27,21.6,91.5,0.38,INTERMEDIATE,118.1,AMBER,Check: disease score 4.3 (above target 4.0),,,,True,candidate_recommendations_synthetic.csv,4,2,11.676666666666666,10.6575,4.266666666666667,21.583333333333336,109.61543909706228,109.5629056220189,2,88.7,0.38,91.48,154,304,4,lab_observations_synthetic 3.csv,118.1,INTERMEDIATE,genomics_synthetic 2.csv,4,0,0,True,True,True,True,True,True,True,True,True,True,AMBER,AMBER
F9BC2FEC-60D6-5DFF-B4CF-789F8E765BFD,SYN-MZ-00004,SYNTH_LINE_00004,2,2,108.0,2.18,19.1,97.8,1.85,RESISTANT,100.3,GREEN,Beats checks (108%) with all field and lab checks passing,,,,True,candidate_recommendations_synthetic.csv,5,2,11.508333333333333,10.6575,2.1833333333333336,19.050000000000004,108.49488471528419,107.9834232543592,2,87.54,1.85,97.8,155,305,5,lab_observations_synthetic 3.csv,100.3,RESISTANT,genomics_synthetic 2.csv,5,0,0,True,True,True,True,True,True,True,True,True,True,GREEN,GREEN
E4CFF24E-3AF0-5FBA-9562-C4393CD711EA,SYN-MZ-00005,SYNTH_LINE_00005,3,3,112.1,2.54,20.6,98.4,0.7,RESISTANT,116.0,GREEN,Beats checks (112%) with all field and lab checks passing,,,,True,candidate_recommendations_synthetic.csv,6,3,11.513333333333334,10.273333333333333,2.5444444444444447,20.555555555555557,112.24565572038138,112.07008436080466,3,93.16,0.7,98.37,156,306,6,lab_observations_synthetic 3.csv,116.0,RESISTANT,genomics_synthetic 2.csv,6,0,0,True,True,True,True,True,True,True,True,True,True,GREEN,GREEN
2B7C0193-8AD2-5132-90D6-EC0125159542,SYN-MZ-00006,SYNTH_LINE_00006,3,3,111.5,4.87,19.7,91.6,0.25,SUSCEPTIBLE,109.9,AMBER,Check: disease score 4.9 (above target 4.0); disease-susceptible marker,,,,True,candidate_recommendations_synthetic.csv,7,3,11.450000000000001,10.273333333333333,4.866666666666667,19.722222222222225,111.8176969902881,111.45360155743023,3,89.8,0.25,91.63,157,307,7,lab_observations_synthetic 3.csv,109.9,SUSCEPTIBLE,genomics_synthetic 2.csv,7,0,0,True,True,True,True,True,True,True,True,True,True,AMBER,AMBER
B6AEF3F7-49DF-5938-A721-1C9ED30FE32D,SYN-MZ-00007,SYNTH_LINE_00007,3,2,108.8,6.65,20.8,97.2,0.44,SUSCEPTIBLE,109.8,RED,Fails must-pass: disease score 6.6 (above limit 6.0),1 trial(s) excluded: irrigation missed,,,True,candidate_recommendations_synthetic.csv,8,2,11.616666666666667,10.675833333333333,6.65,20.75,109.18777408961765,108.81273905237687,3,84.55,0.44,97.2,158,308,8,lab_observations_synthetic 3.csv,109.8,SUSCEPTIBLE,genomics_synthetic 2.csv,8,1,1,True,True,True,True,True,True,True,True,True,True,RED,RED
AA4D3613-B947-5291-9D6D-08AC58B282CE,SYN-MZ-00008,SYNTH_LINE_00008,3,2,104.9,6.55,22.1,92.2,0.96,SUSCEPTIBLE,99.0,RED,Fails must-pass: disease score 6.5 (above limit 6.0),1 trial(s) excluded: irrigation missed,,,True,candidate_recommendations_synthetic.csv,9,2,11.196666666666667,10.675833333333333,6.550000000000001,22.083333333333336,105.25081774828303,104.87861993599252,3,92.18,0.96,92.21,159,309,9,lab_observations_synthetic 3.csv,99.0,SUSCEPTIBLE,genomics_synthetic 2.csv,9,1,1,True,True,True,True,True,True,True,True,True,True,RED,RED
49F400C7-67D9-53F7-8C2F-7709D22BA540,SYN-MZ-00009,SYNTH_LINE_00009,3,2,101.6,2.55,19.2,97.9,1.36,RESISTANT,97.1,AMBER,Check: yield vs checks 101.6% (below target 103%),1 trial(s) excluded: irrigation missed,,,True,candidate_recommendations_synthetic.csv,10,2,9.91,9.753333333333334,2.55,19.18333333333333,101.64433696727676,101.60628844839371,3,85.22,1.36,97.87,160,310,10,lab_observations_synthetic 3.csv,97.1,RESISTANT,genomics_synthetic 2.csv,10,1,1,True,True,True,True,True,True,True,True,True,True,AMBER,AMBER
55B846CE-0304-5467-83C6-6E6D33550CDF,SYN-MZ-00010,SYNTH_LINE_00010,3,2,108.4,4.2,21.2,93.0,0.88,RESISTANT,119.3,AMBER,Check: disease score 4.2 (above target 4.0),1 trial(s) excluded: irrigation missed,,,True,candidate_recommendations_synthetic.csv,11,2,10.575000000000001,9.753333333333334,4.2,21.2,108.61540319000548,108.42447026657553,3,86.99,0.88,93.0,161,311,11,lab_observations_synthetic 3.csv,119.3,RESISTANT,genomics_synthetic 2.csv,11,1,1,True,True,True,True,True,True,True,True,True,True,AMBER,AMBER
8689D2D4-7776-5FC8-813D-D63017F0337E,SYN-MZ-00011,SYNTH_LINE_00011,3,2,106.2,3.1,21.0,97.0,1.05,RESISTANT,102.3,GREEN,Beats checks (106%) with all field and lab checks passing,1 trial(s) excluded: irrigation missed,,,True,candidate_recommendations_synthetic.csv,12,2,10.68,10.056666666666668,3.1,20.983333333333334,106.19612955557349,106.19821014252567,3,82.88,1.05,96.98,162,312,12,lab_observations_synthetic 3.csv,102.3,RESISTANT,genomics_synthetic 2.csv,12,1,1,True,True,True,True,True,True,True,True,True,True,GREEN,GREEN
080F0B64-D97A-588D-B40C-A051B359AE52,SYN-MZ-00012,SYNTH_LINE_00012,3,2,110.5,5.35,20.2,92.0,0.51,SUSCEPTIBLE,107.0,AMBER,Check: disease score 5.4 (above target 4.0); disease-susceptible marker,1 trial(s) excluded: irrigation missed,,,True,candidate_recommendations_synthetic.csv,13,2,11.11,10.056666666666668,5.35,20.150000000000002,110.48236095588373,110.47398077560489,3,85.71,0.51,91.98,163,313,13,lab_observations_synthetic 3.csv,107.0,SUSCEPTIBLE,genomics_synthetic 2.csv,13,1,1,True,True,True,True,True,True,True,True,True,True,AMBER,AMBER
0ABDF50B-E599-5A0E-AAD7-B3801C204FEF,SYN-MZ-00013,SYNTH_LINE_00013,3,3,106.4,4.1,19.5,97.8,1.73,RESISTANT,110.1,AMBER,Check: disease score 4.1 (above target 4.0),,,,True,candidate_recommendations_synthetic.csv,14,3,10.613333333333335,9.977222222222222,4.1000000000000005,19.53333333333333,106.37721850776198,106.37563338715965,3,81.12,1.73,97.75,164,314,14,lab_observations_synthetic 3.csv,110.1,RESISTANT,genomics_synthetic 2.csv,14,0,0,True,True,True,True,True,True,True,True,True,True,AMBER,AMBER
99EE49D0-F7F6-53CE-8FC9-ACF251077CD3,SYN-MZ-00014,SYNTH_LINE_00014,3,3,90.2,2.33,21.2,95.4,0.89,RESISTANT,89.6,RED,Fails must-pass: yield vs checks 90.2% (below minimum 95%),,,,True,candidate_recommendations_synthetic.csv,15,3,8.997777777777777,9.977222222222222,2.3333333333333335,21.222222222222225,90.16142623841569,90.18319505540397,3,94.46,0.89,95.42,165,315,15,lab_observations_synthetic 3.csv,89.6,RESISTANT,genomics_synthetic 2.csv,15,0,0,True,True,True,True,True,True,True,True,True,True,RED,RED
B9868147-0FE8-5766-9C66-DD78C3C1EBB4,SYN-MZ-00015,SYNTH_LINE_00015,3,3,115.2,4.38,22.5,92.8,0.68,INTERMEDIATE,113.6,AMBER,Check: disease score 4.4 (above target 4.0),,,,True,candidate_recommendations_synthetic.csv,16,3,12.181111111111113,10.57,4.377777777777777,22.544444444444448,115.32713085310162,115.24230001051195,3,84.8,0.68,92.84,166,316,16,lab_observations_synthetic 3.csv,113.6,INTERMEDIATE,genomics_synthetic 2.csv,16,0,0,True,True,True,True,True,True,True,True,True,True,AMBER,AMBER
EE1AC5CF-17E4-5D7C-BA29-EA983FBBF170,SYN-MZ-00016,SYNTH_LINE_00016,3,3,90.0,3.03,19.5,95.2,1.25,RESISTANT,93.0,RED,Fails must-pass: yield vs checks 90.0% (below minimum 95%),,,,True,candidate_recommendations_synthetic.csv,17,3,9.51,10.57,3.0333333333333337,19.53333333333333,89.8998182115514,89.97161778618732,3,85.74,1.25,95.22,167,317,17,lab_observations_synthetic 3.csv,93.0,RESISTANT,genomics_synthetic 2.csv,17,0,0,True,True,True,True,True,True,True,True,True,True,RED,RED
5A705A98-7EAC-500C-AD19-08E66229D28F,SYN-MZ-00017,SYNTH_LINE_00017,3,3,94.3,5.51,19.9,98.4,1.12,SUSCEPTIBLE,92.9,RED,Fails must-pass: yield vs checks 94.3% (below minimum 95%),,,,True,candidate_recommendations_synthetic.csv,18,3,9.95888888888889,10.555555555555555,5.51111111111111,19.92222222222222,94.23953487232889,94.34736842105264,3,87.91,1.12,98.41,168,318,18,lab_observations_synthetic 3.csv,92.9,SUSCEPTIBLE,genomics_synthetic 2.csv,18,0,0,True,True,True,True,True,True,True,True,True,True,RED,RED
62C92069-66BF-5B0B-ADBA-8D0357CE459C,SYN-MZ-00018,SYNTH_LINE_00018,3,3,102.2,6.56,20.8,93.5,0.73,SUSCEPTIBLE,98.9,RED,Fails must-pass: disease score 6.6 (above limit 6.0),,,,True,candidate_recommendations_synthetic.csv,19,3,10.790000000000001,10.555555555555555,6.555555555555556,20.755555555555556,102.0960960098598,102.22105263157894,3,83.31,0.73,93.47,169,319,19,lab_observations_synthetic 3.csv,98.9,SUSCEPTIBLE,genomics_synthetic 2.csv,19,0,0,True,True,True,True,True,True,True,True,True,True,RED,RED
A8B6980C-FFB9-5F9B-92BA-AF12781ABDDE,SYN-MZ-00019,SYNTH_LINE_00019,3,3,88.8,4.59,21.0,97.3,4.95,INTERMEDIATE,90.3,RED,Fails must-pass: yield vs checks 88.8% (below minimum 95%); fumonisin 5.0 (above limit 4.0),,,,True,candidate_recommendations_synthetic.csv,20,3,9.572222222222223,10.776666666666666,4.588888888888889,20.966666666666665,88.70231844602388,88.82359006083102,3,87.22,4.95,97.34,170,320,20,lab_observations_synthetic 3.csv,90.3,INTERMEDIATE,genomics_synthetic 2.csv,20,0,0,True,True,True,True,True,True,True,True,True,True,RED,RED
4A5DFB3F-03B5-5B3F-9852-099CA5A15225,SYN-MZ-00020,SYNTH_LINE_00020,3,3,87.7,6.18,20.0,95.4,1.13,SUSCEPTIBLE,89.3,RED,Fails must-pass: yield vs checks 87.7% (below minimum 95%); disease score 6.2 (above limit 6.0),,,,True,candidate_recommendations_synthetic.csv,21,3,9.44888888888889,10.776666666666666,6.177777777777777,20.01111111111111,87.54398551841568,87.67914217960617,3,94.95,1.13,95.39,171,321,21,lab_observations_synthetic 3.csv,89.3,SUSCEPTIBLE,genomics_synthetic 2.csv,21,0,0,True,True,True,True,True,True,True,True,True,True,RED,RED
1A9526DC-BD8E-563C-9E4A-9481E88601A5,SYN-MZ-00021,SYNTH_LINE_00021,3,3,91.1,5.81,20.3,90.6,1.16,SUSCEPTIBLE,90.4,RED,Fails must-pass: yield vs checks 91.1% (below minimum 95%),,,,True,candidate_recommendations_synthetic.csv,22,3,9.272222222222224,10.18,5.811111111111111,20.333333333333332,91.06748891288727,91.08273302772322,3,88.46,1.16,90.62,172,322,22,lab_observations_synthetic 3.csv,90.4,SUSCEPTIBLE,genomics_synthetic 2.csv,22,0,0,True,True,True,True,True,True,True,True,True,True,RED,RED
6E503269-36A0-59E5-B29F-D2C65C57CAD6,SYN-MZ-00022,SYNTH_LINE_00022,3,3,100.1,6.71,20.2,84.9,1.78,SUSCEPTIBLE,96.9,RED,Fails must-pass: disease score 6.7 (above limit 6.0),,,,True,candidate_recommendations_synthetic.csv,23,3,10.18888888888889,10.18,6.711111111111111,20.177777777777777,100.04266128485096,100.08731717965512,3,69.37,1.78,84.94,173,323,23,lab_observations_synthetic 3.csv,96.9,SUSCEPTIBLE,genomics_synthetic 2.csv,23,0,0,True,True,True,True,True,True,True,True,True,True,RED,RED
D41ABD3A-44E1-5B49-8488-2C6805F30B64,SYN-MZ-00023,SYNTH_LINE_00023,3,3,98.7,3.44,19.0,96.4,0.56,INTERMEDIATE,97.8,AMBER,Check: yield vs checks 98.7% (below target 103%),,,,True,candidate_recommendations_synthetic.csv,24,3,10.123333333333333,10.252777777777778,3.444444444444444,18.98888888888889,98.74280296312072,98.73746952045515,3,81.33,0.56,96.4,174,324,24,lab_observations_synthetic 3.csv,97.8,INTERMEDIATE,genomics_synthetic 2.csv,24,0,0,True,True,True,True,True,True,True,True,True,True,AMBER,AMBER
E568186B-E969-5A74-8996-D72CACB495FD,SYN-MZ-00024,SYNTH_LINE_00024,3,3,104.1,1.99,20.7,95.1,0.81,RESISTANT,111.0,GREEN,Beats checks (104%) with all field and lab checks passing,,,,True,candidate_recommendations_synthetic.csv,25,3,10.677777777777777,10.252777777777778,1.988888888888889,20.733333333333334,104.14066543697191,104.1452180980764,3,82.75,0.81,95.14,175,325,25,lab_observations_synthetic 3.csv,111.0,RESISTANT,genomics_synthetic 2.csv,25,0,0,True,True,True,True,True,True,True,True,True,True,GREEN,GREEN
48766B60-7B8E-5227-9A4F-9E77EE26141C,SYN-MZ-00025,SYNTH_LINE_00025,3,3,109.5,3.52,19.8,97.5,1.19,RESISTANT,112.7,GREEN,Beats checks (109%) with all field and lab checks passing,,,,True,candidate_recommendations_synthetic.csv,26,3,10.983333333333334,10.032222222222222,3.522222222222222,19.77777777777778,109.4962791969487,109.48056263152067,3,81.11,1.19,97.48,176,326,26,lab_observations_synthetic 3.csv,112.7,RESISTANT,genomics_synthetic 2.csv,26,0,0,True,True,True,True,True,True,True,True,True,True,GREEN,GREEN
01BB90D3-8967-5A5C-BB61-08A07D8CD947,SYN-MZ-00026,SYNTH_LINE_00026,3,3,100.7,5.86,23.7,93.4,1.14,SUSCEPTIBLE,102.5,AMBER,Check: yield vs checks 100.7% (below target 103%); disease score 5.9 (above target 4.0); harvest moisture 23.7 (above target 23.0); disease-susceptible marker,,,,True,candidate_recommendations_synthetic.csv,27,3,10.098888888888888,10.032222222222222,5.855555555555555,23.711111111111112,100.73291049397729,100.66452541809724,3,84.33,1.14,93.44,177,327,27,lab_observations_synthetic 3.csv,102.5,SUSCEPTIBLE,genomics_synthetic 2.csv,27,0,0,True,True,True,True,True,True,True,True,True,True,AMBER,AMBER
F6CDB34F-475C-5C74-9BD0-6D017DAE3754,SYN-MZ-00027,SYNTH_LINE_00027,3,3,103.5,2.69,19.7,96.1,5.51,RESISTANT,109.1,RED,Fails must-pass: fumonisin 5.5 (above limit 4.0),,,,True,candidate_recommendations_synthetic.csv,28,3,11.003333333333332,10.634444444444444,2.6888888888888887,19.666666666666668,103.51993783223065,103.46881203635984,3,86.03,5.51,96.14,178,328,28,lab_observations_synthetic 3.csv,109.1,RESISTANT,genomics_synthetic 2.csv,28,0,0,True,True,True,True,True,True,True,True,True,True,RED,RED
BCB3BCE4-83EF-5273-AD5F-98501BE8DF60,SYN-MZ-00028,SYNTH_LINE_00028,3,3,112.9,3.68,21.8,98.0,1.74,RESISTANT,110.3,GREEN,Beats checks (113%) with all field and lab checks passing,,,,True,candidate_recommendations_synthetic.csv,29,3,12.00111111111111,10.634444444444444,3.6777777777777776,21.777777777777775,112.81192775741822,112.85132170097167,3,90.6,1.74,97.98,179,329,29,lab_observations_synthetic 3.csv,110.3,RESISTANT,genomics_synthetic 2.csv,29,0,0,True,True,True,True,True,True,True,True,True,True,GREEN,GREEN
151CE54D-EAED-5C4E-AB65-6E225058176E,SYN-MZ-00029,SYNTH_LINE_00029,3,3,102.6,3.13,21.4,92.3,0.29,RESISTANT,111.0,AMBER,Check: yield vs checks 102.6% (below target 103%),,,,True,candidate_recommendations_synthetic.csv,30,3,10.793333333333335,10.517777777777779,3.1333333333333333,21.433333333333334,102.49538617889526,102.61990281005706,3,93.22,0.29,92.27,180,330,30,lab_observations_synthetic 3.csv,111.0,RESISTANT,genomics_synthetic 2.csv,30,0,0,True,True,True,True,True,True,True,True,True,True,AMBER,AMBER
3DFD73B3-FBE4-5BE2-878B-AEB993A47967,SYN-MZ-00030,SYNTH_LINE_00030,3,3,119.0,3.24,18.9,91.5,0.76,RESISTANT,118.7,GREEN,Beats checks (119%) with all field and lab checks passing,,,,True,candidate_recommendations_synthetic.csv,31,3,12.513333333333334,10.517777777777779,3.244444444444444,18.855555555555554,119.08943170848612,118.97316712444537,3,87.02,0.76,91.55,181,331,31,lab_observations_synthetic 3.csv,118.7,RESISTANT,genomics_synthetic 2.csv,31,0,0,True,True,True,True,True,True,True,True,True,True,GREEN,GREEN
D452B305-237F-578C-8664-5FBE4C1C73B1,SYN-MZ-00031,SYNTH_LINE_00031,3,3,95.6,5.18,18.9,95.0,1.37,INTERMEDIATE,106.1,AMBER,Check: yield vs checks 95.6% (below target 103%); disease score 5.2 (above target 4.0),,,,True,candidate_recommendations_synthetic.csv,32,3,10.367777777777778,10.843333333333334,5.177777777777777,18.88888888888889,95.6502415003226,95.61430474433855,3,87.12,1.37,95.04,182,332,32,lab_observations_synthetic 3.csv,106.1,INTERMEDIATE,genomics_synthetic 2.csv,32,0,0,True,True,True,True,True,True,True,True,True,True,AMBER,AMBER
02C72F35-6DF2-535C-B881-73EEA4BDEF64,SYN-MZ-00032,SYNTH_LINE_00032,3,3,113.0,2.92,20.1,97.3,0.6,RESISTANT,114.0,GREEN,Beats checks (113%) with all field and lab checks passing,,,,True,candidate_recommendations_synthetic.csv,33,3,12.25,10.843333333333334,2.922222222222222,20.07777777777778,112.95205257486258,112.97264063940978,3,82.54,0.6,97.29,183,333,33,lab_observations_synthetic 3.csv,114.0,RESISTANT,genomics_synthetic 2.csv,33,0,0,True,True,True,True,True,True,True,True,True,True,GREEN,GREEN
CDAC1DFC-07F5-5AAA-ACF7-174A83106211,SYN-MZ-00033,SYNTH_LINE_00033,3,3,116.8,3.42,22.0,92.2,1.77,RESISTANT,116.6,GREEN,Beats checks (117%) with all field and lab checks passing,,,,True,candidate_recommendations_synthetic.csv,34,3,11.953333333333333,10.235555555555555,3.4222222222222225,22.01111111111111,116.77271944316276,116.78245766391663,3,94.13,1.77,92.2,184,334,34,lab_observations_synthetic 3.csv,116.6,RESISTANT,genomics_synthetic 2.csv,34,0,0,True,True,True,True,True,True,True,True,True,True,GREEN,GREEN
6BC3F466-8A3A-514B-95C5-ED43F221577D,SYN-MZ-00034,SYNTH_LINE_00034,3,3,114.0,6.68,19.8,98.0,5.11,SUSCEPTIBLE,118.8,RED,Fails must-pass: disease score 6.7 (above limit 6.0); fumonisin 5.1 (above limit 4.0),,,,True,candidate_recommendations_synthetic.csv,35,3,11.673333333333334,10.235555555555555,6.677777777777777,19.8,114.08363954180395,114.04689535388626,3,85.39,5.11,97.97,185,335,35,lab_observations_synthetic 3.csv,118.8,SUSCEPTIBLE,genomics_synthetic 2.csv,35,0,0,True,True,True,True,True,True,True,True,True,True,RED,RED
CA7C91FE-A31E-543B-BE95-6F3A9B18244F,SYN-MZ-00035,SYNTH_LINE_00035,3,3,93.4,3.03,20.0,96.1,0.29,RESISTANT,100.8,RED,Fails must-pass: yield vs checks 93.4% (below minimum 95%),,,,True,candidate_recommendations_synthetic.csv,36,3,9.67888888888889,10.366111111111111,3.033333333333333,19.977777777777778,93.32470751487995,93.3704914518463,3,83.49,0.29,96.06,186,336,36,lab_observations_synthetic 3.csv,100.8,RESISTANT,genomics_synthetic 2.csv,36,0,0,True,True,True,True,True,True,True,True,True,True,RED,RED
667DEBCE-B100-5059-AB1C-8388525FC762,SYN-MZ-00036,SYNTH_LINE_00036,3,3,92.6,2.78,15.6,96.1,0.54,RESISTANT,90.4,RED,Fails must-pass: yield vs checks 92.6% (below minimum 95%),,,,True,candidate_recommendations_synthetic.csv,37,3,9.598888888888888,10.366111111111111,2.777777777777778,15.611111111111112,92.58561829415935,92.59874591350018,3,82.2,0.54,96.1,187,337,37,lab_observations_synthetic 3.csv,90.4,RESISTANT,genomics_synthetic 2.csv,37,0,0,True,True,True,True,True,True,True,True,True,True,RED,RED
F883E21C-4C88-5C86-BDED-808DCF101BE6,SYN-MZ-00037,SYNTH_LINE_00037,3,3,100.6,4.29,20.2,97.5,1.5,SUSCEPTIBLE,104.5,AMBER,Check: yield vs checks 100.6% (below target 103%); disease score 4.3 (above target 4.0); disease-susceptible marker,,,,True,candidate_recommendations_synthetic.csv,38,3,10.027777777777779,9.971111111111112,4.288888888888889,20.244444444444444,100.68521851107118,100.56830844662358,3,90.51,1.5,97.55,188,338,38,lab_observations_synthetic 3.csv,104.5,SUSCEPTIBLE,genomics_synthetic 2.csv,38,0,0,True,True,True,True,True,True,True,True,True,True,AMBER,AMBER
1D8B5ABD-A06B-5E37-8158-A9DB10FE3BE6,SYN-MZ-00038,SYNTH_LINE_00038,3,3,111.2,6.12,22.0,98.2,1.82,SUSCEPTIBLE,118.1,RED,Fails must-pass: disease score 6.1 (above limit 6.0),,,,True,candidate_recommendations_synthetic.csv,39,3,11.090000000000002,9.971111111111112,6.122222222222223,21.966666666666665,111.3147094229804,111.22130599509696,3,87.91,1.82,98.19,189,339,39,lab_observations_synthetic 3.csv,118.1,SUSCEPTIBLE,genomics_synthetic 2.csv,39,0,0,True,True,True,True,True,True,True,True,True,True,RED,RED
A60C347B-ED09-5433-86AE-8FA97C612F60,SYN-MZ-00039,SYNTH_LINE_00039,3,3,94.2,2.86,23.0,92.0,1.87,RESISTANT,87.7,RED,Fails must-pass: yield vs checks 94.2% (below minimum 95%),,,,True,candidate_recommendations_synthetic.csv,40,3,10.001111111111111,10.620555555555555,2.8555555555555556,22.96666666666667,94.00507829431616,94.16749489982739,3,83.77,1.87,92.01,190,340,40,lab_observations_synthetic 3.csv,87.7,RESISTANT,genomics_synthetic 2.csv,40,0,0,True,True,True,True,True,True,True,True,True,True,RED,RED
8557A22F-14B2-5381-8DF2-0E4F62B7D0FD,SYN-MZ-00040,SYNTH_LINE_00040,3,3,107.8,3.91,22.4,97.5,1.56,INTERMEDIATE,106.9,GREEN,Beats checks (108%) with all field and lab checks passing,,,,True,candidate_recommendations_synthetic.csv,41,3,11.445555555555558,10.620555555555555,3.9111111111111114,22.366666666666664,107.75670332046455,107.76795522309988,3,88.66,1.56,97.54,191,341,41,lab_observations_synthetic 3.csv,106.9,INTERMEDIATE,genomics_synthetic 2.csv,41,0,0,True,True,True,True,True,True,True,True,True,True,GREEN,GREEN
420901AD-1690-56B1-A54B-E45F7104461D,SYN-MZ-00041,SYNTH_LINE_00041,3,3,85.2,6.27,21.1,95.3,1.13,SUSCEPTIBLE,85.2,RED,Fails must-pass: yield vs checks 85.2% (below minimum 95%); disease score 6.3 (above limit 6.0),,,,True,candidate_recommendations_synthetic.csv,42,3,8.972222222222221,10.531666666666666,6.266666666666667,21.066666666666666,84.90448631197205,85.19280476868703,3,83.51,1.13,95.32,192,342,42,lab_observations_synthetic 3.csv,85.2,SUSCEPTIBLE,genomics_synthetic 2.csv,42,0,0,True,True,True,True,True,True,True,True,True,True,RED,RED
0AF976E8-609F-54B4-93A9-F5FFB2C89CC2,SYN-MZ-00042,SYNTH_LINE_00042,3,3,94.7,6.44,21.2,88.1,0.84,SUSCEPTIBLE,97.7,RED,Fails must-pass: yield vs checks 94.7% (below minimum 95%); disease score 6.4 (above limit 6.0),,,,True,candidate_recommendations_synthetic.csv,43,3,9.977777777777776,10.531666666666666,6.444444444444444,21.233333333333334,94.50165462476373,94.74072901830458,3,76.06,0.84,88.12,193,343,43,lab_observations_synthetic 3.csv,97.7,SUSCEPTIBLE,genomics_synthetic 2.csv,43,0,0,True,True,True,True,True,True,True,True,True,True,RED,RED
80674DED-4AF0-56B4-A82F-676B047FD1F9,SYN-MZ-00043,SYNTH_LINE_00043,3,2,99.7,2.92,24.5,91.1,0.52,RESISTANT,97.7,AMBER,Check: yield vs checks 99.7% (below target 103%); harvest moisture 24.5 (above target 23.0),1 trial(s) excluded: irrigation missed,,,True,candidate_recommendations_synthetic.csv,44,2,10.958333333333334,10.991666666666667,2.9166666666666665,24.46666666666667,99.65191121501289,99.696739954511,3,81.95,0.52,91.1,194,344,44,lab_observations_synthetic 3.csv,97.7,RESISTANT,genomics_synthetic 2.csv,44,1,1,True,True,True,True,True,True,True,True,True,True,AMBER,AMBER
7663F6FC-3144-5397-8DC5-49CF05A78783,SYN-MZ-00044,SYNTH_LINE_00044,3,2,103.7,1.88,22.5,97.2,0.96,RESISTANT,93.9,GREEN,Beats checks (104%) with all field and lab checks passing,1 trial(s) excluded: irrigation missed,,,True,candidate_recommendations_synthetic.csv,45,2,11.401666666666667,10.991666666666667,1.8833333333333333,22.483333333333334,103.80480489611328,103.73009855951479,3,86.82,0.96,97.24,195,345,45,lab_observations_synthetic 3.csv,93.9,RESISTANT,genomics_synthetic 2.csv,45,1,1,True,True,True,True,True,True,True,True,True,True,GREEN,GREEN
55B1F533-E637-592C-BE49-07B3119C93B6,SYN-MZ-00045,SYNTH_LINE_00045,3,2,100.7,3.85,16.7,82.0,1.02,INTERMEDIATE,99.9,AMBER,Check: yield vs checks 100.7% (below target 103%); germination 82.0% (below minimum 85%),1 trial(s) excluded: irrigation missed,,,True,candidate_recommendations_synthetic.csv,46,2,9.981666666666667,9.9075,3.8499999999999996,16.666666666666668,100.78215551830016,100.74859113466229,3,75.11,1.02,82.05,196,346,46,lab_observations_synthetic 3.csv,99.9,INTERMEDIATE,genomics_synthetic 2.csv,46,1,1,True,True,True,True,True,True,True,True,True,True,AMBER,AMBER
A8A251E0-1271-51D8-829F-8F673FA25406,SYN-MZ-00046,SYNTH_LINE_00046,3,2,99.8,2.62,23.0,91.8,0.3,RESISTANT,105.1,AMBER,Check: yield vs checks 99.8% (below target 103%),1 trial(s) excluded: irrigation missed,,,True,candidate_recommendations_synthetic.csv,47,2,9.89,9.9075,2.6166666666666667,22.983333333333334,99.80460264912284,99.82336613676507,3,83.0,0.3,91.8,197,347,47,lab_observations_synthetic 3.csv,105.1,RESISTANT,genomics_synthetic 2.csv,47,1,1,True,True,True,True,True,True,True,True,True,True,AMBER,AMBER
4FEFE8DE-C128-57D8-B2A9-D05EA011ABBB,SYN-MZ-00047,SYNTH_LINE_00047,3,2,114.5,2.62,19.6,98.1,0.62,RESISTANT,112.2,GREEN,Beats checks (114%) with all field and lab checks passing,1 trial(s) excluded: irrigation missed,,,True,candidate_recommendations_synthetic.csv,48,2,11.338333333333335,9.906666666666666,2.6166666666666663,19.616666666666667,114.48340034978101,114.45154777927324,3,92.72,0.62,98.13,198,348,48,lab_observations_synthetic 3.csv,112.2,RESISTANT,genomics_synthetic 2.csv,48,1,1,True,True,True,True,True,True,True,True,True,True,GREEN,GREEN
E79AFB8F-D81A-5126-9812-31F64FF56B0A,SYN-MZ-00048,SYNTH_LINE_00048,3,2,110.8,4.47,23.8,80.0,1.84,INTERMEDIATE,112.1,AMBER,Check: disease score 4.5 (above target 4.0); harvest moisture 23.8 (above target 23.0); germination 80.0% (below minimum 85%),1 trial(s) excluded: irrigation missed,,,True,candidate_recommendations_synthetic.csv,49,2,10.978333333333332,9.906666666666666,4.466666666666667,23.816666666666666,110.86632404252995,110.81763122476447,3,75.58,1.84,80.01,199,349,49,lab_observations_synthetic 3.csv,112.1,INTERMEDIATE,genomics_synthetic 2.csv,49,1,1,True,True,True,True,True,True,True,True,True,True,AMBER,AMBER
06BC0CE1-AE47-507E-B88E-0EB0637E5F30,SYN-MZ-00049,SYNTH_LINE_00049,3,3,118.2,2.8,24.6,95.0,0.79,RESISTANT,112.5,AMBER,Check: harvest moisture 24.6 (above target 23.0),,,,True,candidate_recommendations_synthetic.csv,50,3,11.727777777777776,9.922777777777778,2.8000000000000003,24.58888888888889,118.20438318917638,118.19047085829459,3,85.15,0.79,95.03,200,350,50,lab_observations_synthetic 3.csv,112.5,RESISTANT,genomics_synthetic 2.csv,50,0,0,True,True,True,True,True,True,True,True,True,True,AMBER,AMBER
B69CE732-6878-52F2-B41E-F0F303A6AA18,SYN-MZ-00050,SYNTH_LINE_00050,3,3,101.7,2.99,23.3,96.8,0.38,RESISTANT,93.1,AMBER,Check: yield vs checks 101.7% (below target 103%); harvest moisture 23.3 (above target 23.0),,,,True,candidate_recommendations_synthetic.csv,51,3,10.091111111111111,9.922777777777778,2.988888888888889,23.333333333333332,101.68784296353859,101.6964335703488,3,86.21,0.38,96.83,201,351,51,lab_observations_synthetic 3.csv,93.1,RESISTANT,genomics_synthetic 2.csv,51,0,0,True,True,True,True,True,True,True,True,True,True,AMBER,AMBER
8E68A5E4-3124-5DE1-83AC-BC1848ADCF30,SYN-MZ-00051,SYNTH_LINE_00051,3,3,116.9,4.07,23.4,92.9,0.3,INTERMEDIATE,110.7,AMBER,Check: disease score 4.1 (above target 4.0); harvest moisture 23.4 (above target 23.0),,,,True,candidate_recommendations_synthetic.csv,52,3,12.485555555555555,10.676111111111112,4.066666666666667,23.38888888888889,117.30815041137583,116.94853515116822,3,83.52,0.3,92.86,202,352,52,lab_observations_synthetic 3.csv,110.7,INTERMEDIATE,genomics_synthetic 2.csv,52,0,0,True,True,True,True,True,True,True,True,True,True,AMBER,AMBER
83143D05-79E7-5E13-A6B3-388172D0E91B,SYN-MZ-00052,SYNTH_LINE_00052,3,3,102.3,2.87,25.2,92.6,1.33,RESISTANT,107.4,AMBER,Check: yield vs checks 102.3% (below target 103%); harvest moisture 25.2 (above limit 25.0),,,,True,candidate_recommendations_synthetic.csv,53,3,10.921111111111111,10.676111111111112,2.8666666666666667,25.2,102.153660916811,102.29484310766507,3,84.15,1.33,92.64,203,353,53,lab_observations_synthetic 3.csv,107.4,RESISTANT,genomics_synthetic 2.csv,53,0,0,True,True,True,True,True,True,True,True,True,True,AMBER,AMBER
759A5D7C-67A7-5818-9E6B-4AE49EFD060E,SYN-MZ-00053,SYNTH_LINE_00053,3,3,92.3,4.48,19.7,93.4,0.45,INTERMEDIATE,98.3,RED,Fails must-pass: yield vs checks 92.3% (below minimum 95%),,,,True,candidate_recommendations_synthetic.csv,54,3,9.86111111111111,10.682777777777778,4.477777777777778,19.666666666666668,92.22317721723947,92.30849238129908,3,86.97,0.45,93.43,204,354,54,lab_observations_synthetic 3.csv,98.3,INTERMEDIATE,genomics_synthetic 2.csv,54,0,0,True,True,True,True,True,True,True,True,True,True,RED,RED
4C8C42C1-3F2D-5A4E-9498-4339912973B6,SYN-MZ-00054,SYNTH_LINE_00054,3,3,108.0,3.49,22.7,95.0,1.12,RESISTANT,104.4,GREEN,Beats checks (108%) with all field and lab checks passing,,,,True,candidate_recommendations_synthetic.csv,55,3,11.53888888888889,10.682777777777778,3.488888888888889,22.666666666666668,108.14147027401485,108.01393728222996,3,86.61,1.12,94.95,205,355,55,lab_observations_synthetic 3.csv,104.4,RESISTANT,genomics_synthetic 2.csv,55,0,0,True,True,True,True,True,True,True,True,True,True,GREEN,GREEN
AA1B3880-0BFC-59AA-9F23-5D92CD2AB166,SYN-MZ-00055,SYNTH_LINE_00055,3,3,109.4,4.31,21.4,96.0,1.88,INTERMEDIATE,117.4,AMBER,Check: disease score 4.3 (above target 4.0),,,,True,candidate_recommendations_synthetic.csv,56,3,11.893333333333333,10.86888888888889,4.311111111111111,21.355555555555554,109.53902062671358,109.42547536291146,3,82.31,1.88,95.99,206,356,56,lab_observations_synthetic 3.csv,117.4,INTERMEDIATE,genomics_synthetic 2.csv,56,0,0,True,True,True,True,True,True,True,True,True,True,AMBER,AMBER
335D7797-1267-5040-9BF3-15F2B103E058,SYN-MZ-00056,SYNTH_LINE_00056,3,3,108.0,6.24,19.0,91.7,1.51,SUSCEPTIBLE,111.3,RED,Fails must-pass: disease score 6.2 (above limit 6.0),,,,True,candidate_recommendations_synthetic.csv,57,3,11.734444444444444,10.86888888888889,6.2444444444444445,18.955555555555556,108.19803124944598,107.96360662441217,3,92.47,1.51,91.72,207,357,57,lab_observations_synthetic 3.csv,111.3,SUSCEPTIBLE,genomics_synthetic 2.csv,57,0,0,True,True,True,True,True,True,True,True,True,True,RED,RED
DD61D49A-852D-59C9-A7F8-0A85B6E85478,SYN-MZ-00057,SYNTH_LINE_00057,3,3,94.5,3.4,25.8,83.3,1.44,RESISTANT,102.1,RED,Fails must-pass: yield vs checks 94.5% (below minimum 95%),,,,True,candidate_recommendations_synthetic.csv,58,3,9.656666666666666,10.213888888888889,3.4,25.811111111111114,94.51608805265893,94.54446559695404,3,73.23,1.44,83.27,208,358,58,lab_observations_synthetic 3.csv,102.1,RESISTANT,genomics_synthetic 2.csv,58,0,0,True,True,True,True,True,True,True,True,True,True,RED,RED
CB3BA2FD-86CC-5ED9-964B-70C0E700498A,SYN-MZ-00058,SYNTH_LINE_00058,3,3,112.2,6.32,20.6,93.8,1.87,SUSCEPTIBLE,115.4,RED,Fails must-pass: disease score 6.3 (above limit 6.0),,,,True,candidate_recommendations_synthetic.csv,59,3,11.455555555555556,10.213888888888889,6.322222222222222,20.63333333333333,112.14150961610149,112.1566494424803,3,83.52,1.87,93.8,209,359,59,lab_observations_synthetic 3.csv,115.4,SUSCEPTIBLE,genomics_synthetic 2.csv,59,0,0,True,True,True,True,True,True,True,True,True,True,RED,RED
5D11E6ED-86BC-5114-830E-943F22D3FAC8,SYN-MZ-00059,SYNTH_LINE_00059,3,3,109.5,3.18,20.6,97.0,4.96,RESISTANT,109.3,RED,Fails must-pass: fumonisin 5.0 (above limit 4.0),,,,True,candidate_recommendations_synthetic.csv,60,3,11.167777777777777,10.202777777777778,3.1777777777777776,20.57777777777778,109.44474205482273,109.45820854887015,3,90.98,4.96,96.99,210,360,60,lab_observations_synthetic 3.csv,109.3,RESISTANT,genomics_synthetic 2.csv,60,0,0,True,True,True,True,True,True,True,True,True,True,RED,RED
DD68F5D5-574A-5056-8841-6CB4192055E7,SYN-MZ-00060,SYNTH_LINE_00060,3,3,95.3,6.52,22.2,97.9,0.72,SUSCEPTIBLE,98.2,RED,Fails must-pass: disease score 6.5 (above limit 6.0),,,,True,candidate_recommendations_synthetic.csv,61,3,9.727777777777776,10.202777777777778,6.522222222222222,22.21111111111111,95.33022679638425,95.34440511843178,3,81.33,0.72,97.87,211,361,61,lab_observations_synthetic 3.csv,98.2,SUSCEPTIBLE,genomics_synthetic 2.csv,61,0,0,True,True,True,True,True,True,True,True,True,True,RED,RED
16FFFD30-47D9-5AA6-A381-643CA1A3FEF3,SYN-MZ-00061,SYNTH_LINE_00061,3,3,93.5,3.42,24.9,97.0,1.41,RESISTANT,94.0,RED,Fails must-pass: yield vs checks 93.5% (below minimum 95%),,,,True,candidate_recommendations_synthetic.csv,62,3,9.365555555555556,10.013333333333334,3.422222222222222,24.87777777777778,93.52058034580723,93.53084775854416,3,81.41,1.41,97.0,212,362,62,lab_observations_synthetic 3.csv,94.0,RESISTANT,genomics_synthetic 2.csv,62,0,0,True,True,True,True,True,True,True,True,True,True,RED,RED
15913DBE-7013-549B-946D-3D6DA7AE3777,SYN-MZ-00062,SYNTH_LINE_00062,3,3,107.2,2.66,21.5,94.2,1.67,RESISTANT,114.7,GREEN,Beats checks (107%) with all field and lab checks passing,,,,True,candidate_recommendations_synthetic.csv,63,3,10.729999999999999,10.013333333333334,2.6555555555555554,21.477777777777778,107.1458157435449,107.15712383488679,3,90.1,1.67,94.19,213,363,63,lab_observations_synthetic 3.csv,114.7,RESISTANT,genomics_synthetic 2.csv,63,0,0,True,True,True,True,True,True,True,True,True,True,GREEN,GREEN
5EC7789B-6A39-584A-B525-208F59B83E86,SYN-MZ-00063,SYNTH_LINE_00063,3,3,84.4,3.16,21.4,97.1,1.21,RESISTANT,92.1,RED,Fails must-pass: yield vs checks 84.4% (below minimum 95%),,,,True,candidate_recommendations_synthetic.csv,64,3,9.02,10.686666666666667,3.1555555555555554,21.366666666666664,84.26194146053727,84.40424204616343,3,91.16,1.21,97.06,214,364,64,lab_observations_synthetic 3.csv,92.1,RESISTANT,genomics_synthetic 2.csv,64,0,0,True,True,True,True,True,True,True,True,True,True,RED,RED
ECEDBC9C-312B-51DC-942B-9D9E32887D58,SYN-MZ-00064,SYNTH_LINE_00064,3,3,100.4,6.79,22.7,93.0,0.81,SUSCEPTIBLE,115.5,RED,Fails must-pass: disease score 6.8 (above limit 6.0),,,,True,candidate_recommendations_synthetic.csv,65,3,10.725555555555557,10.686666666666667,6.788888888888889,22.655555555555555,100.30233907957324,100.36390101892286,3,85.33,0.81,93.04,215,365,65,lab_observations_synthetic 3.csv,115.5,SUSCEPTIBLE,genomics_synthetic 2.csv,65,0,0,True,True,True,True,True,True,True,True,True,True,RED,RED
AF23A561-1794-5CA1-B10C-3628EECCF466,SYN-MZ-00065,SYNTH_LINE_00065,3,3,100.0,6.03,19.5,97.2,0.96,SUSCEPTIBLE,107.8,RED,Fails must-pass: disease score 6.0 (above limit 6.0),,,,True,candidate_recommendations_synthetic.csv,66,3,10.642222222222221,10.640555555555556,6.033333333333334,19.533333333333335,100.06235028438921,100.01566334255729,3,88.57,0.96,97.25,216,366,66,lab_observations_synthetic 3.csv,107.8,SUSCEPTIBLE,genomics_synthetic 2.csv,66,0,0,True,True,True,True,True,True,True,True,True,True,RED,RED
07784854-7BC7-5ECA-BDD4-CACF4FB75117,SYN-MZ-00066,SYNTH_LINE_00066,3,3,116.9,3.6,20.0,94.1,1.36,INTERMEDIATE,113.8,GREEN,Beats checks (117%) with all field and lab checks passing,,,,True,candidate_recommendations_synthetic.csv,67,3,12.442222222222222,10.640555555555556,3.6,19.98888888888889,117.09057608691619,116.93207330444315,3,92.17,1.36,94.14,217,367,67,lab_observations_synthetic 3.csv,113.8,INTERMEDIATE,genomics_synthetic 2.csv,67,0,0,True,True,True,True,True,True,True,True,True,True,GREEN,GREEN
13F23BCD-52EF-574F-ACC6-7AB94AFF9049,SYN-MZ-00067,SYNTH_LINE_00067,3,3,106.4,2.07,19.6,94.5,1.81,RESISTANT,114.2,GREEN,Beats checks (106%) with all field and lab checks passing,,,,True,candidate_recommendations_synthetic.csv,68,3,11.651111111111112,10.952222222222224,2.0666666666666664,19.599999999999998,106.37879745577102,106.38125190220147,3,88.95,1.81,94.45,218,368,68,lab_observations_synthetic 3.csv,114.2,RESISTANT,genomics_synthetic 2.csv,68,0,0,True,True,True,True,True,True,True,True,True,True,GREEN,GREEN
97E544B0-E0F2-5A44-8A8C-DF6E49262D21,SYN-MZ-00068,SYNTH_LINE_00068,3,3,92.0,3.86,20.1,91.7,0.38,INTERMEDIATE,90.7,RED,Fails must-pass: yield vs checks 92.0% (below minimum 95%),,,,True,candidate_recommendations_synthetic.csv,69,3,10.07111111111111,10.952222222222224,3.855555555555556,20.099999999999998,91.8032435078145,91.95495586892561,3,94.74,0.38,91.73,219,369,69,lab_observations_synthetic 3.csv,90.7,INTERMEDIATE,genomics_synthetic 2.csv,69,0,0,True,True,True,True,True,True,True,True,True,True,RED,RED
30AE404E-D939-5FBD-8E73-82C169F926FA,SYN-MZ-00069,SYNTH_LINE_00069,3,3,104.8,4.92,21.0,81.8,1.83,SUSCEPTIBLE,112.2,AMBER,Check: disease score 4.9 (above target 4.0); germination 81.8% (below minimum 85%); disease-susceptible marker,,,,True,candidate_recommendations_synthetic.csv,70,3,10.797777777777776,10.299444444444445,4.922222222222222,20.955555555555556,104.83027244181535,104.83844867576458,3,62.52,1.83,81.83,220,370,70,lab_observations_synthetic 3.csv,112.2,SUSCEPTIBLE,genomics_synthetic 2.csv,70,0,0,True,True,True,True,True,True,True,True,True,True,AMBER,AMBER
1BC27665-96A3-5886-8EDB-570805D8AC2B,SYN-MZ-00070,SYNTH_LINE_00070,3,3,97.7,5.76,24.4,95.4,0.39,SUSCEPTIBLE,95.9,AMBER,Check: yield vs checks 97.7% (below target 103%); disease score 5.8 (above target 4.0); harvest moisture 24.4 (above target 23.0); disease-susceptible marker,,,,True,candidate_recommendations_synthetic.csv,71,3,10.065555555555555,10.299444444444445,5.7555555555555555,24.400000000000002,97.67749965776885,97.72911160256756,3,91.17,0.39,95.44,221,371,71,lab_observations_synthetic 3.csv,95.9,SUSCEPTIBLE,genomics_synthetic 2.csv,71,0,0,True,True,True,True,True,True,True,True,True,True,AMBER,AMBER
03DE83EF-F14A-5D54-A2FD-1A335C2D63BE,SYN-MZ-00071,SYNTH_LINE_00071,3,3,97.5,6.63,22.7,95.2,0.5,SUSCEPTIBLE,102.6,RED,Fails must-pass: disease score 6.6 (above limit 6.0),,,,True,candidate_recommendations_synthetic.csv,72,3,10.100000000000001,10.362222222222222,6.633333333333333,22.688888888888886,97.50671720439011,97.46944027450141,3,86.29,0.5,95.19,222,372,72,lab_observations_synthetic 3.csv,102.6,SUSCEPTIBLE,genomics_synthetic 2.csv,72,0,0,True,True,True,True,True,True,True,True,True,True,RED,RED
F2879B3F-447F-597F-B8D9-0CBF58C47571,SYN-MZ-00072,SYNTH_LINE_00072,3,3,91.7,2.68,21.1,94.1,0.96,RESISTANT,94.1,RED,Fails must-pass: yield vs checks 91.7% (below minimum 95%),,,,True,candidate_recommendations_synthetic.csv,73,3,9.498888888888889,10.362222222222222,2.6777777777777776,21.08888888888889,91.6128306750591,91.66845378511688,3,86.35,0.96,94.09,223,373,73,lab_observations_synthetic 3.csv,94.1,RESISTANT,genomics_synthetic 2.csv,73,0,0,True,True,True,True,True,True,True,True,True,True,RED,RED
82E89912-889D-5A64-81E0-285A66F4F551,SYN-MZ-00073,SYNTH_LINE_00073,3,3,122.7,3.38,20.9,96.7,0.45,RESISTANT,118.2,GREEN,Beats checks (123%) with all field and lab checks passing,,,,True,candidate_recommendations_synthetic.csv,74,3,12.326666666666668,10.046666666666667,3.3777777777777778,20.91111111111111,122.66717870618216,122.69409422694095,3,90.58,0.45,96.65,224,374,74,lab_observations_synthetic 3.csv,118.2,RESISTANT,genomics_synthetic 2.csv,74,0,0,True,True,True,True,True,True,True,True,True,True,GREEN,GREEN
B518C2FF-B887-551B-A7F9-1C0EE751CFCF,SYN-MZ-00074,SYNTH_LINE_00074,3,3,109.6,3.37,22.5,98.5,1.14,RESISTANT,118.9,GREEN,Beats checks (110%) with all field and lab checks passing,,,,True,candidate_recommendations_synthetic.csv,75,3,11.015555555555556,10.046666666666667,3.3666666666666667,22.46666666666667,109.65342392761032,109.64388409643885,3,94.74,1.14,98.47,225,375,75,lab_observations_synthetic 3.csv,118.9,RESISTANT,genomics_synthetic 2.csv,75,0,0,True,True,True,True,True,True,True,True,True,True,GREEN,GREEN
3B5928D4-F434-5749-A27B-AB4C1BAB75E5,SYN-MZ-00075,SYNTH_LINE_00075,3,3,94.2,4.11,21.8,95.7,0.92,INTERMEDIATE,85.8,RED,Fails must-pass: yield vs checks 94.2% (below minimum 95%),,,,True,candidate_recommendations_synthetic.csv,76,3,10.022222222222222,10.638888888888891,4.111111111111111,21.844444444444445,94.05375122506176,94.2036553524804,3,83.95,0.92,95.66,226,376,76,lab_observations_synthetic 3.csv,85.8,INTERMEDIATE,genomics_synthetic 2.csv,76,0,0,True,True,True,True,True,True,True,True,True,True,RED,RED
937A167C-CBC9-54DF-9EB1-DFD136CAD1D1,SYN-MZ-00076,SYNTH_LINE_00076,3,3,109.4,3.19,22.6,92.4,0.67,RESISTANT,109.4,GREEN,Beats checks (109%) with all field and lab checks passing,,,,True,candidate_recommendations_synthetic.csv,77,3,11.634444444444442,10.638888888888891,3.1888888888888896,22.599999999999998,109.34576628421034,109.35770234986941,3,81.05,0.67,92.36,227,377,77,lab_observations_synthetic 3.csv,109.4,RESISTANT,genomics_synthetic 2.csv,77,0,0,True,True,True,True,True,True,True,True,True,True,GREEN,GREEN
762C94BB-F99F-58F7-AA2E-115A876D1499,SYN-MZ-00077,SYNTH_LINE_00077,3,3,113.0,3.73,23.5,95.0,1.66,INTERMEDIATE,115.8,AMBER,Check: harvest moisture 23.5 (above target 23.0),,,,True,candidate_recommendations_synthetic.csv,78,3,11.903333333333334,10.536111111111111,3.733333333333333,23.5,113.22846683688346,112.97653572370157,3,92.57,1.66,95.03,228,378,78,lab_observations_synthetic 3.csv,115.8,INTERMEDIATE,genomics_synthetic 2.csv,78,0,0,True,True,True,True,True,True,True,True,True,True,AMBER,AMBER
E222D60A-6B36-51B3-8397-D5CF6C5572CF,SYN-MZ-00078,SYNTH_LINE_00078,3,3,105.3,2.4,19.2,92.7,0.87,RESISTANT,109.9,GREEN,Beats checks (105%) with all field and lab checks passing,,,,True,candidate_recommendations_synthetic.csv,79,3,11.098888888888888,10.536111111111111,2.4,19.233333333333334,105.56850163278091,105.34141840232006,3,83.72,0.87,92.73,229,379,79,lab_observations_synthetic 3.csv,109.9,RESISTANT,genomics_synthetic 2.csv,79,0,0,True,True,True,True,True,True,True,True,True,True,GREEN,GREEN
647685C4-BD16-5B05-BF48-224E90967B1C,SYN-MZ-00079,SYNTH_LINE_00079,3,3,99.3,6.46,16.4,96.8,1.55,SUSCEPTIBLE,88.2,RED,Fails must-pass: disease score 6.5 (above limit 6.0),,,,True,candidate_recommendations_synthetic.csv,80,3,10.756666666666668,10.829444444444446,6.455555555555556,16.366666666666667,99.24290208369321,99.32796388447134,3,85.4,1.55,96.82,230,380,80,lab_observations_synthetic 3.csv,88.2,SUSCEPTIBLE,genomics_synthetic 2.csv,80,0,0,True,True,True,True,True,True,True,True,True,True,RED,RED
AC374E79-DCC5-5449-BA1A-E2E8A323C8B3,SYN-MZ-00080,SYNTH_LINE_00080,3,3,98.2,4.07,20.9,91.9,0.63,RESISTANT,95.9,AMBER,Check: yield vs checks 98.2% (below target 103%); disease score 4.1 (above target 4.0),,,,True,candidate_recommendations_synthetic.csv,81,3,10.631111111111112,10.829444444444446,4.066666666666667,20.877777777777776,98.19926989170064,98.16857333401734,3,83.79,0.63,91.9,231,381,81,lab_observations_synthetic 3.csv,95.9,RESISTANT,genomics_synthetic 2.csv,81,0,0,True,True,True,True,True,True,True,True,True,True,AMBER,AMBER
B13508E2-8CB0-595E-803A-083438893C79,SYN-MZ-00081,SYNTH_LINE_00081,3,3,106.6,6.96,21.2,94.5,1.49,SUSCEPTIBLE,102.3,RED,Fails must-pass: disease score 7.0 (above limit 6.0),,,,True,candidate_recommendations_synthetic.csv,82,3,10.805555555555557,10.14,6.955555555555556,21.155555555555555,106.58242660289689,106.56366425597196,3,80.49,1.49,94.46,232,382,82,lab_observations_synthetic 3.csv,102.3,SUSCEPTIBLE,genomics_synthetic 2.csv,82,0,0,True,True,True,True,True,True,True,True,True,True,RED,RED
53D0944B-7E8C-523D-AD45-43CF3C0E1ECC,SYN-MZ-00082,SYNTH_LINE_00082,3,3,86.2,3.78,21.1,94.6,0.3,RESISTANT,88.7,RED,Fails must-pass: yield vs checks 86.2% (below minimum 95%),,,,True,candidate_recommendations_synthetic.csv,83,3,8.741111111111111,10.14,3.777777777777778,21.13333333333333,86.33089299838169,86.20425158886698,3,81.58,0.3,94.58,233,383,83,lab_observations_synthetic 3.csv,88.7,RESISTANT,genomics_synthetic 2.csv,83,0,0,True,True,True,True,True,True,True,True,True,True,RED,RED
1776443C-40AD-5505-8CE0-36F14142D18C,SYN-MZ-00083,SYNTH_LINE_00083,3,3,96.2,5.34,20.0,94.7,1.3,INTERMEDIATE,100.2,AMBER,Check: yield vs checks 96.2% (below target 103%); disease score 5.3 (above target 4.0),,,,True,candidate_recommendations_synthetic.csv,84,3,9.895555555555555,10.282222222222222,5.344444444444444,19.977777777777778,96.2868559920824,96.23946401556084,3,81.14,1.3,94.73,234,384,84,lab_observations_synthetic 3.csv,100.2,INTERMEDIATE,genomics_synthetic 2.csv,84,0,0,True,True,True,True,True,True,True,True,True,True,AMBER,AMBER
8940668C-190D-5BCB-95FD-A9FCAD3A0A50,SYN-MZ-00084,SYNTH_LINE_00084,3,3,103.8,5.59,20.7,96.4,1.41,SUSCEPTIBLE,107.7,AMBER,Check: disease score 5.6 (above target 4.0); disease-susceptible marker,,,,True,candidate_recommendations_synthetic.csv,85,3,10.676666666666668,10.282222222222222,5.588888888888889,20.677777777777777,103.8269626468046,103.83617894964341,3,80.2,1.41,96.37,235,385,85,lab_observations_synthetic 3.csv,107.7,SUSCEPTIBLE,genomics_synthetic 2.csv,85,0,0,True,True,True,True,True,True,True,True,True,True,AMBER,AMBER
1DF480F4-4F01-5A4A-A0FE-B2851472B411,SYN-MZ-00085,SYNTH_LINE_00085,3,3,103.3,3.17,22.2,92.2,0.85,RESISTANT,109.9,GREEN,Beats checks (103%) with all field and lab checks passing,,,,True,candidate_recommendations_synthetic.csv,86,3,10.192222222222222,9.866666666666667,3.1666666666666665,22.21111111111111,103.29350254049511,103.29954954954954,3,82.5,0.85,92.22,236,386,86,lab_observations_synthetic 3.csv,109.9,RESISTANT,genomics_synthetic 2.csv,86,0,0,True,True,True,True,True,True,True,True,True,True,GREEN,GREEN
7E96F35C-0C2F-54B8-98B1-52354D151D67,SYN-MZ-00086,SYNTH_LINE_00086,3,3,86.1,2.98,22.0,95.4,1.62,RESISTANT,88.6,RED,Fails must-pass: yield vs checks 86.1% (below minimum 95%),,,,True,candidate_recommendations_synthetic.csv,87,3,8.49111111111111,9.866666666666667,2.977777777777778,22.044444444444448,86.09888531849522,86.05855855855854,3,90.01,1.62,95.42,237,387,87,lab_observations_synthetic 3.csv,88.6,RESISTANT,genomics_synthetic 2.csv,87,0,0,True,True,True,True,True,True,True,True,True,True,RED,RED
2866BB0A-D294-5C24-99D2-7179D7D8364C,SYN-MZ-00087,SYNTH_LINE_00087,3,2,106.3,2.82,23.3,93.3,1.26,RESISTANT,117.5,AMBER,Check: harvest moisture 23.3 (above target 23.0),1 trial(s) excluded: irrigation missed,,,True,candidate_recommendations_synthetic.csv,88,2,10.510000000000002,9.890833333333333,2.8166666666666664,23.35,106.25153281111162,106.2600050551858,3,87.14,1.26,93.29,238,388,88,lab_observations_synthetic 3.csv,117.5,RESISTANT,genomics_synthetic 2.csv,88,1,1,True,True,True,True,True,True,True,True,True,True,AMBER,AMBER
70C5D805-8AAC-56F1-99F0-208C9D1DBBB6,SYN-MZ-00088,SYNTH_LINE_00088,3,2,110.0,3.67,16.8,97.0,0.71,RESISTANT,114.2,GREEN,Beats checks (110%) with all field and lab checks passing,1 trial(s) excluded: irrigation missed,,,True,candidate_recommendations_synthetic.csv,89,2,10.881666666666666,9.890833333333333,3.6666666666666665,16.816666666666666,110.04145767281041,110.01769315022325,3,80.45,0.71,96.95,239,389,89,lab_observations_synthetic 3.csv,114.2,RESISTANT,genomics_synthetic 2.csv,89,1,1,True,True,True,True,True,True,True,True,True,True,GREEN,GREEN
33C68A96-F0D2-56B2-8383-F0E7C98CEDFB,SYN-MZ-00089,SYNTH_LINE_00089,3,2,95.2,7.53,18.2,95.7,1.54,SUSCEPTIBLE,95.6,RED,Fails must-pass: disease score 7.5 (above limit 6.0),1 trial(s) excluded: irrigation missed,,,True,candidate_recommendations_synthetic.csv,90,2,9.233333333333334,9.698333333333334,7.533333333333333,18.2,95.2187123019319,95.20536174600447,3,92.87,1.54,95.65,240,390,90,lab_observations_synthetic 3.csv,95.6,SUSCEPTIBLE,genomics_synthetic 2.csv,90,1,1,True,True,True,True,True,True,True,True,True,True,RED,RED
30A919A5-B07D-5B43-8FFC-C5BB2E05CDD2,SYN-MZ-00090,SYNTH_LINE_00090,3,2,112.4,6.5,23.2,98.3,0.8,SUSCEPTIBLE,106.4,RED,Fails must-pass: disease score 6.5 (above limit 6.0),1 trial(s) excluded: irrigation missed,,,True,candidate_recommendations_synthetic.csv,91,2,10.901666666666667,9.698333333333334,6.5,23.15,112.44538690845417,112.40763017700635,3,94.41,0.8,98.3,241,391,91,lab_observations_synthetic 3.csv,106.4,SUSCEPTIBLE,genomics_synthetic 2.csv,91,1,1,True,True,True,True,True,True,True,True,True,True,RED,RED
0FC9E8DF-2F7A-5B37-96BC-8768551066DE,SYN-MZ-00091,SYNTH_LINE_00091,3,2,102.4,6.23,22.3,92.7,0.74,SUSCEPTIBLE,99.4,RED,Fails must-pass: disease score 6.2 (above limit 6.0),1 trial(s) excluded: irrigation missed,,,True,candidate_recommendations_synthetic.csv,92,2,10.351666666666667,10.11,6.2333333333333325,22.300000000000004,102.25376149106512,102.39037256841412,3,93.43,0.74,92.69,242,392,92,lab_observations_synthetic 3.csv,99.4,SUSCEPTIBLE,genomics_synthetic 2.csv,92,1,1,True,True,True,True,True,True,True,True,True,True,RED,RED
940880BA-AB7B-5C5E-BE24-71B87B5D25BE,SYN-MZ-00092,SYNTH_LINE_00092,3,2,88.1,5.52,22.2,90.9,0.86,SUSCEPTIBLE,88.7,RED,Fails must-pass: yield vs checks 88.1% (below minimum 95%),1 trial(s) excluded: irrigation missed,,,True,candidate_recommendations_synthetic.csv,93,2,8.906666666666666,10.11,5.516666666666667,22.25,88.14054518733778,88.09759314210353,3,84.1,0.86,90.88,243,393,93,lab_observations_synthetic 3.csv,88.7,SUSCEPTIBLE,genomics_synthetic 2.csv,93,1,1,True,True,True,True,True,True,True,True,True,True,RED,RED
2C6AA0B0-74B8-5881-AF7F-A0E4DC68084E,SYN-MZ-00093,SYNTH_LINE_00093,3,3,82.5,3.84,20.5,95.7,1.53,INTERMEDIATE,88.0,RED,Fails must-pass: yield vs checks 82.5% (below minimum 95%),,,,True,candidate_recommendations_synthetic.csv,94,3,8.312222222222223,10.07111111111111,3.8444444444444446,20.48888888888889,82.45607131948715,82.53530450132394,3,84.25,1.53,95.66,244,394,94,lab_observations_synthetic 3.csv,88.0,INTERMEDIATE,genomics_synthetic 2.csv,94,0,0,True,True,True,True,True,True,True,True,True,True,RED,RED
379AF3A2-F022-5112-8FBC-475F91FA6D97,SYN-MZ-00094,SYNTH_LINE_00094,3,3,97.2,3.24,20.4,92.4,1.45,RESISTANT,107.2,AMBER,Check: yield vs checks 97.2% (below target 103%),,,,True,candidate_recommendations_synthetic.csv,95,3,9.79111111111111,10.07111111111111,3.244444444444445,20.444444444444443,97.21531838602043,97.2197705207414,3,89.33,1.45,92.44,245,395,95,lab_observations_synthetic 3.csv,107.2,RESISTANT,genomics_synthetic 2.csv,95,0,0,True,True,True,True,True,True,True,True,True,True,AMBER,AMBER
4265656C-7A38-5B04-870F-0382345E46B7,SYN-MZ-00095,SYNTH_LINE_00095,3,3,102.6,2.54,21.4,92.6,1.15,RESISTANT,101.7,AMBER,Check: yield vs checks 102.6% (below target 103%),,,,True,candidate_recommendations_synthetic.csv,96,3,10.473333333333333,10.206666666666665,2.5444444444444447,21.38888888888889,102.55997106112046,102.61267145656434,3,91.24,1.15,92.57,246,396,96,lab_observations_synthetic 3.csv,101.7,RESISTANT,genomics_synthetic 2.csv,96,0,0,True,True,True,True,True,True,True,True,True,True,AMBER,AMBER
7B87D561-B90D-5BFD-97D7-06E49347CFC4,SYN-MZ-00096,SYNTH_LINE_00096,3,3,95.8,2.34,19.1,97.9,1.84,RESISTANT,88.6,AMBER,Check: yield vs checks 95.8% (below target 103%),,,,True,candidate_recommendations_synthetic.csv,97,3,9.775555555555556,10.206666666666665,2.3444444444444446,19.099999999999998,95.72875649836767,95.77618114522102,3,89.61,1.84,97.94,247,397,97,lab_observations_synthetic 3.csv,88.6,RESISTANT,genomics_synthetic 2.csv,97,0,0,True,True,True,True,True,True,True,True,True,True,AMBER,AMBER
80342D18-DE48-5965-9D36-F804CFB33A6A,SYN-MZ-00097,SYNTH_LINE_00097,3,3,95.6,2.76,18.7,91.7,1.3,RESISTANT,93.5,AMBER,Check: yield vs checks 95.6% (below target 103%),,,,True,candidate_recommendations_synthetic.csv,98,3,9.57,10.008888888888889,2.755555555555556,18.72222222222222,95.57884197770413,95.61500888099468,3,85.13,1.3,91.7,248,398,98,lab_observations_synthetic 3.csv,93.5,RESISTANT,genomics_synthetic 2.csv,98,0,0,True,True,True,True,True,True,True,True,True,True,AMBER,AMBER
E4649EAD-58A5-57C7-8B46-6215401FFEE3,SYN-MZ-00098,SYNTH_LINE_00098,3,3,109.9,3.41,19.3,95.0,0.9,RESISTANT,118.8,GREEN,Beats checks (110%) with all field and lab checks passing,,,,True,candidate_recommendations_synthetic.csv,99,3,11.001111111111113,10.008888888888889,3.4111111111111114,19.277777777777775,109.9172830855722,109.91341030195385,3,93.82,0.9,95.05,249,399,99,lab_observations_synthetic 3.csv,118.8,RESISTANT,genomics_synthetic 2.csv,99,0,0,True,True,True,True,True,True,True,True,True,True,GREEN,GREEN
EB3CC5B4-5306-5D95-8FC0-A6D315636DAC,SYN-MZ-00099,SYNTH_LINE_00099,3,3,102.5,4.9,21.4,91.9,1.59,INTERMEDIATE,113.3,AMBER,Check: yield vs checks 102.5% (below target 103%); disease score 4.9 (above target 4.0),,,,True,candidate_recommendations_synthetic.csv,100,3,10.836666666666668,10.573333333333332,4.8999999999999995,21.42222222222222,102.31681347785441,102.49054224464062,3,91.01,1.59,91.89,250,400,100,lab_observations_synthetic 3.csv,113.3,INTERMEDIATE,genomics_synthetic 2.csv,100,0,0,True,True,True,True,True,True,True,True,True,True,AMBER,AMBER
304B66ED-814D-55CC-98B7-61DD44128E03,SYN-MZ-00100,SYNTH_LINE_00100,3,3,91.1,3.16,22.4,95.0,6.3,RESISTANT,90.5,RED,Fails must-pass: yield vs checks 91.1% (below minimum 95%); fumonisin 6.3 (above limit 4.0),,,,True,candidate_recommendations_synthetic.csv,101,3,9.636666666666665,10.573333333333332,3.1555555555555554,22.355555555555554,90.96003069607816,91.14123581336696,3,90.67,6.3,95.0,251,401,101,lab_observations_synthetic 3.csv,90.5,RESISTANT,genomics_synthetic 2.csv,101,0,0,True,True,True,True,True,True,True,True,True,True,RED,RED
DA447553-1807-5120-B084-80712E4595A5,SYN-MZ-00101,SYNTH_LINE_00101,3,3,90.7,3.5,24.1,91.1,1.55,RESISTANT,101.6,RED,Fails must-pass: yield vs checks 90.7% (below minimum 95%),,,,True,candidate_recommendations_synthetic.csv,102,3,9.556666666666667,10.542222222222223,3.5,24.12222222222222,90.41374409572013,90.65134907251263,3,86.58,1.55,91.06,252,402,102,lab_observations_synthetic 3.csv,101.6,RESISTANT,genomics_synthetic 2.csv,102,0,0,True,True,True,True,True,True,True,True,True,True,RED,RED
3AD75EC5-AEFA-5A56-9854-25EA1D3F7092,SYN-MZ-00102,SYNTH_LINE_00102,3,3,90.7,3.89,21.6,97.2,1.34,RESISTANT,91.8,RED,Fails must-pass: yield vs checks 90.7% (below minimum 95%),,,,True,candidate_recommendations_synthetic.csv,103,3,9.56,10.542222222222223,3.888888888888889,21.622222222222224,90.43504980703666,90.68296795952782,3,83.46,1.34,97.22,253,403,103,lab_observations_synthetic 3.csv,91.8,RESISTANT,genomics_synthetic 2.csv,103,0,0,True,True,True,True,True,True,True,True,True,True,RED,RED
893B46A8-3095-5888-954B-596DEA00AEF0,SYN-MZ-00103,SYNTH_LINE_00103,3,3,117.5,3.17,21.6,96.4,1.72,RESISTANT,116.2,GREEN,Beats checks (117%) with all field and lab checks passing,,,,True,candidate_recommendations_synthetic.csv,104,3,12.770000000000001,10.871111111111112,3.1666666666666665,21.644444444444446,117.38414789561911,117.46729354047426,3,90.51,1.72,96.38,254,404,104,lab_observations_synthetic 3.csv,116.2,RESISTANT,genomics_synthetic 2.csv,104,0,0,True,True,True,True,True,True,True,True,True,True,GREEN,GREEN
CF983439-B3D6-5D22-A07F-DA09F8FB30E3,SYN-MZ-00104,SYNTH_LINE_00104,3,3,94.3,2.56,24.2,94.8,1.81,RESISTANT,100.3,RED,Fails must-pass: yield vs checks 94.3% (below minimum 95%),,,,True,candidate_recommendations_synthetic.csv,105,3,10.256666666666668,10.871111111111112,2.555555555555556,24.155555555555555,94.29424238873379,94.34791496320523,3,80.93,1.81,94.84,255,405,105,lab_observations_synthetic 3.csv,100.3,RESISTANT,genomics_synthetic 2.csv,105,0,0,True,True,True,True,True,True,True,True,True,True,RED,RED
40E15A0B-137C-5F72-A21C-478860954756,SYN-MZ-00105,SYNTH_LINE_00105,3,2,114.5,7.22,19.9,85.5,1.85,SUSCEPTIBLE,119.0,RED,Fails must-pass: disease score 7.2 (above limit 6.0),1 trial(s) excluded: irrigation missed,,,True,candidate_recommendations_synthetic.csv,106,2,11.981666666666666,10.463333333333335,7.216666666666667,19.933333333333337,114.48703056296127,114.51099076138895,3,66.18,1.85,85.53,256,406,106,lab_observations_synthetic 3.csv,119.0,SUSCEPTIBLE,genomics_synthetic 2.csv,106,1,1,True,True,True,True,True,True,True,True,True,True,RED,RED
D31D0B3A-9906-504E-8B88-BA3A51BD3F4E,SYN-MZ-00106,SYNTH_LINE_00106,3,2,91.6,8.03,19.2,98.1,1.52,SUSCEPTIBLE,86.5,RED,Fails must-pass: yield vs checks 91.6% (below minimum 95%); disease score 8.0 (above limit 6.0),1 trial(s) excluded: irrigation missed,,,True,candidate_recommendations_synthetic.csv,107,2,9.583333333333332,10.463333333333335,8.033333333333331,19.166666666666668,91.60423420920438,91.58967824147815,3,80.28,1.52,98.11,257,407,107,lab_observations_synthetic 3.csv,86.5,SUSCEPTIBLE,genomics_synthetic 2.csv,107,1,1,True,True,True,True,True,True,True,True,True,True,RED,RED
6CAF66B9-5911-548A-9CD3-402E210E39DF,SYN-MZ-00107,SYNTH_LINE_00107,3,2,93.0,3.22,19.8,90.6,1.71,RESISTANT,98.4,RED,Fails must-pass: yield vs checks 93.0% (below minimum 95%),1 trial(s) excluded: irrigation missed,,,True,candidate_recommendations_synthetic.csv,108,2,9.778333333333334,10.514166666666668,3.216666666666667,19.78333333333333,93.04341168421584,93.0015059047317,3,81.57,1.71,90.64,258,408,108,lab_observations_synthetic 3.csv,98.4,RESISTANT,genomics_synthetic 2.csv,108,1,1,True,True,True,True,True,True,True,True,True,True,RED,RED
7BFD7ED8-D740-54E9-9E9D-89E766C468ED,SYN-MZ-00108,SYNTH_LINE_00108,3,2,93.0,2.58,21.4,94.9,0.69,RESISTANT,93.0,RED,Fails must-pass: yield vs checks 93.0% (below minimum 95%),1 trial(s) excluded: irrigation missed,,,True,candidate_recommendations_synthetic.csv,109,2,9.775,10.514166666666668,2.5833333333333335,21.366666666666667,92.94427937479207,92.969802647222,3,93.06,0.69,94.88,259,409,109,lab_observations_synthetic 3.csv,93.0,RESISTANT,genomics_synthetic 2.csv,109,1,1,True,True,True,True,True,True,True,True,True,True,RED,RED
4496507C-64F4-593E-B7C9-34EC243D266E,SYN-MZ-00109,SYNTH_LINE_00109,3,2,92.4,2.63,24.6,81.5,1.58,RESISTANT,89.2,RED,Fails must-pass: yield vs checks 92.4% (below minimum 95%),1 trial(s) excluded: irrigation missed,,,True,candidate_recommendations_synthetic.csv,110,2,9.241666666666667,10.003333333333334,2.6333333333333337,24.583333333333336,92.35403825888963,92.38587137620793,3,75.59,1.58,81.54,260,410,110,lab_observations_synthetic 3.csv,89.2,RESISTANT,genomics_synthetic 2.csv,110,1,1,True,True,True,True,True,True,True,True,True,True,RED,RED
0A8854E8-E6EA-5138-8958-FCD031174CF5,SYN-MZ-00110,SYNTH_LINE_00110,3,2,106.2,3.5,20.3,91.6,1.79,INTERMEDIATE,110.8,GREEN,Beats checks (106%) with all field and lab checks passing,1 trial(s) excluded: irrigation missed,,,True,candidate_recommendations_synthetic.csv,111,2,10.626666666666665,10.003333333333334,3.5,20.3,106.19019053951062,106.23125624791734,3,82.61,1.79,91.57,261,411,111,lab_observations_synthetic 3.csv,110.8,INTERMEDIATE,genomics_synthetic 2.csv,111,1,1,True,True,True,True,True,True,True,True,True,True,GREEN,GREEN
E7D39DA7-7E5D-57F9-9DDB-1CF3E505EFB5,SYN-MZ-00111,SYNTH_LINE_00111,3,3,98.1,3.43,23.5,95.9,0.94,INTERMEDIATE,97.7,AMBER,Check: yield vs checks 98.1% (below target 103%); harvest moisture 23.5 (above target 23.0),,,,True,candidate_recommendations_synthetic.csv,112,3,10.447777777777778,10.646111111111113,3.433333333333333,23.46666666666667,98.0180155970837,98.13703491102645,3,83.67,0.94,95.87,262,412,112,lab_observations_synthetic 3.csv,97.7,INTERMEDIATE,genomics_synthetic 2.csv,112,0,0,True,True,True,True,True,True,True,True,True,True,AMBER,AMBER
99337C26-0663-56BF-961D-4B45304F60CB,SYN-MZ-00112,SYNTH_LINE_00112,3,3,84.7,2.98,20.5,92.1,0.49,RESISTANT,92.2,RED,Fails must-pass: yield vs checks 84.7% (below minimum 95%),,,,True,candidate_recommendations_synthetic.csv,113,3,9.017777777777779,10.646111111111113,2.977777777777778,20.466666666666665,84.75190616587808,84.70490006783906,3,85.59,0.49,92.08,263,413,113,lab_observations_synthetic 3.csv,92.2,RESISTANT,genomics_synthetic 2.csv,113,0,0,True,True,True,True,True,True,True,True,True,True,RED,RED
0A671382-D5A5-5B91-99A7-A870223273AB,SYN-MZ-00113,SYNTH_LINE_00113,3,3,113.2,6.62,22.1,91.0,5.08,SUSCEPTIBLE,118.5,RED,Fails must-pass: disease score 6.6 (above limit 6.0); fumonisin 5.1 (above limit 4.0),,,,True,candidate_recommendations_synthetic.csv,114,3,12.006666666666666,10.607777777777779,6.622222222222223,22.100000000000005,113.20663534271961,113.1873887084948,3,80.48,5.08,90.96,264,414,114,lab_observations_synthetic 3.csv,118.5,SUSCEPTIBLE,genomics_synthetic 2.csv,114,0,0,True,True,True,True,True,True,True,True,True,True,RED,RED
EA1A8089-DDED-5385-9EA5-239A2F522931,SYN-MZ-00114,SYNTH_LINE_00114,3,3,84.3,2.52,22.1,97.3,0.99,RESISTANT,85.3,RED,Fails must-pass: yield vs checks 84.3% (below minimum 95%),,,,True,candidate_recommendations_synthetic.csv,115,3,8.943333333333333,10.607777777777779,2.522222222222222,22.099999999999998,84.17604646398341,84.30920708075836,3,84.27,0.99,97.34,265,415,115,lab_observations_synthetic 3.csv,85.3,RESISTANT,genomics_synthetic 2.csv,115,0,0,True,True,True,True,True,True,True,True,True,True,RED,RED
D548B0A8-3654-59DE-87E2-E8729F9D0F8C,SYN-MZ-00115,SYNTH_LINE_00115,3,3,99.9,2.08,22.0,93.0,0.4,RESISTANT,97.8,AMBER,Check: yield vs checks 99.9% (below target 103%),,,,True,candidate_recommendations_synthetic.csv,116,3,10.897777777777776,10.908333333333333,2.077777777777778,22.03333333333333,100.03192572998974,99.90323402088106,3,80.38,0.4,93.05,266,416,116,lab_observations_synthetic 3.csv,97.8,RESISTANT,genomics_synthetic 2.csv,116,0,0,True,True,True,True,True,True,True,True,True,True,AMBER,AMBER
9836AEB1-465F-5BDA-85AD-80E64BABEB25,SYN-MZ-00116,SYNTH_LINE_00116,3,3,100.0,5.34,22.5,93.6,1.48,SUSCEPTIBLE,97.8,AMBER,Check: yield vs checks 100.0% (below target 103%); disease score 5.3 (above target 4.0); disease-susceptible marker,,,,True,candidate_recommendations_synthetic.csv,117,3,10.910000000000002,10.908333333333333,5.344444444444444,22.46666666666667,100.145996284354,100.01527883880827,3,84.32,1.48,93.61,267,417,117,lab_observations_synthetic 3.csv,97.8,SUSCEPTIBLE,genomics_synthetic 2.csv,117,0,0,True,True,True,True,True,True,True,True,True,True,AMBER,AMBER
D24220FC-041B-5AE7-8248-88C18C7CFFA0,SYN-MZ-00117,SYNTH_LINE_00117,3,3,109.6,3.91,20.2,98.1,0.61,INTERMEDIATE,118.8,GREEN,Beats checks (110%) with all field and lab checks passing,,,,True,candidate_recommendations_synthetic.csv,118,3,11.25,10.268333333333333,3.9111111111111114,20.166666666666668,109.59637299000212,109.56013634150301,3,83.17,0.61,98.08,268,418,118,lab_observations_synthetic 3.csv,118.8,INTERMEDIATE,genomics_synthetic 2.csv,118,0,0,True,True,True,True,True,True,True,True,True,True,GREEN,GREEN
F288242F-5737-58C8-88E2-064D25869916,SYN-MZ-00118,SYNTH_LINE_00118,3,3,116.7,2.68,24.1,97.1,0.35,RESISTANT,116.8,AMBER,Check: harvest moisture 24.1 (above target 23.0),,,,True,candidate_recommendations_synthetic.csv,119,3,11.979999999999999,10.268333333333333,2.6777777777777776,24.11111111111111,116.59229826079648,116.6693718552183,3,93.26,0.35,97.07,269,419,119,lab_observations_synthetic 3.csv,116.8,RESISTANT,genomics_synthetic 2.csv,119,0,0,True,True,True,True,True,True,True,True,True,True,AMBER,AMBER
CABD4F18-9788-5897-9751-A7B474D482E3,SYN-MZ-00119,SYNTH_LINE_00119,3,3,112.2,3.26,22.8,82.0,1.0,RESISTANT,111.9,AMBER,Check: germination 82.0% (below minimum 85%),,,,True,candidate_recommendations_synthetic.csv,120,3,11.596666666666666,10.332222222222223,3.255555555555556,22.766666666666666,112.2473089984425,112.2378750403269,3,65.84,1.0,82.03,270,420,120,lab_observations_synthetic 3.csv,111.9,RESISTANT,genomics_synthetic 2.csv,120,0,0,True,True,True,True,True,True,True,True,True,True,AMBER,AMBER
6EA50459-A971-5271-BBBC-46B5E2E45F2F,SYN-MZ-00120,SYNTH_LINE_00120,3,3,108.9,5.0,19.8,95.3,0.81,INTERMEDIATE,105.6,AMBER,Check: disease score 5.0 (above target 4.0),,,,True,candidate_recommendations_synthetic.csv,121,3,11.24888888888889,10.332222222222223,5.0,19.755555555555556,108.82961967799939,108.87192171201207,3,84.49,0.81,95.33,271,421,121,lab_observations_synthetic 3.csv,105.6,INTERMEDIATE,genomics_synthetic 2.csv,121,0,0,True,True,True,True,True,True,True,True,True,True,AMBER,AMBER
4E026AB5-7BF0-56A0-9A72-D0B70F1FA056,SYN-MZ-00121,SYNTH_LINE_00121,3,3,90.3,3.09,21.3,95.3,0.3,RESISTANT,89.9,RED,Fails must-pass: yield vs checks 90.3% (below minimum 95%),,,,True,candidate_recommendations_synthetic.csv,122,3,9.035555555555556,10.005,3.0888888888888886,21.333333333333332,90.25967228793041,90.31040035537787,3,87.91,0.3,95.26,272,422,122,lab_observations_synthetic 3.csv,89.9,RESISTANT,genomics_synthetic 2.csv,122,0,0,True,True,True,True,True,True,True,True,True,True,RED,RED
B4D65658-99B8-5007-8181-CB57FABF1A6A,SYN-MZ-00122,SYNTH_LINE_00122,3,3,107.6,3.14,19.2,97.8,0.98,RESISTANT,119.6,GREEN,Beats checks (108%) with all field and lab checks passing,,,,True,candidate_recommendations_synthetic.csv,123,3,10.762222222222222,10.005,3.1444444444444444,19.177777777777777,107.56891522654394,107.56843800322059,3,88.74,0.98,97.82,273,423,123,lab_observations_synthetic 3.csv,119.6,RESISTANT,genomics_synthetic 2.csv,123,0,0,True,True,True,True,True,True,True,True,True,True,GREEN,GREEN
EF6A4ED1-3F26-5D92-87D7-851E6A84CE9E,SYN-MZ-00123,SYNTH_LINE_00123,3,3,95.9,6.63,21.2,96.8,0.57,SUSCEPTIBLE,102.2,RED,Fails must-pass: disease score 6.6 (above limit 6.0),,,,True,candidate_recommendations_synthetic.csv,124,3,10.283333333333333,10.719999999999999,6.633333333333333,21.211111111111112,96.01296561571068,95.92661691542288,3,87.66,0.57,96.85,274,424,124,lab_observations_synthetic 3.csv,102.2,SUSCEPTIBLE,genomics_synthetic 2.csv,124,0,0,True,True,True,True,True,True,True,True,True,True,RED,RED
B0670171-6745-5AD1-B294-0798F9335903,SYN-MZ-00124,SYNTH_LINE_00124,3,3,103.2,4.6,19.0,94.3,0.39,INTERMEDIATE,97.5,AMBER,Check: disease score 4.6 (above target 4.0),,,,True,candidate_recommendations_synthetic.csv,125,3,11.06,10.719999999999999,4.6000000000000005,19.044444444444444,103.27503382745783,103.17164179104479,3,86.22,0.39,94.27,275,425,125,lab_observations_synthetic 3.csv,97.5,INTERMEDIATE,genomics_synthetic 2.csv,125,0,0,True,True,True,True,True,True,True,True,True,True,AMBER,AMBER
B1D28754-3CDD-55F8-B8B1-CC2BD54CBC86,SYN-MZ-00125,SYNTH_LINE_00125,3,3,105.0,3.09,22.3,97.9,0.36,RESISTANT,99.8,GREEN,Beats checks (105%) with all field and lab checks passing,,,,True,candidate_recommendations_synthetic.csv,126,3,11.085555555555556,10.553888888888888,3.088888888888889,22.3,105.2161493720876,105.03763752171398,3,83.89,0.36,97.88,276,426,126,lab_observations_synthetic 3.csv,99.8,RESISTANT,genomics_synthetic 2.csv,126,0,0,True,True,True,True,True,True,True,True,True,True,GREEN,GREEN
73D01A3C-D183-58B5-B11D-D2CD40EA1852,SYN-MZ-00126,SYNTH_LINE_00126,3,3,98.1,5.22,26.4,83.7,1.3,INTERMEDIATE,92.2,AMBER,Check: yield vs checks 98.1% (below target 103%); disease score 5.2 (above target 4.0); harvest moisture 26.4 (above limit 25.0); germination 83.7% (below minimum 85%),,,,True,candidate_recommendations_synthetic.csv,127,3,10.354444444444445,10.553888888888888,5.222222222222222,26.366666666666664,98.31872711362307,98.11022793072593,3,65.16,1.3,83.72,277,427,127,lab_observations_synthetic 3.csv,92.2,INTERMEDIATE,genomics_synthetic 2.csv,127,0,0,True,True,True,True,True,True,True,True,True,True,AMBER,AMBER
A8461C6C-7A4F-54DE-9B92-9F215036C45E,SYN-MZ-00127,SYNTH_LINE_00127,3,3,92.8,2.24,23.7,93.2,1.55,RESISTANT,97.2,RED,Fails must-pass: yield vs checks 92.8% (below minimum 95%),,,,True,candidate_recommendations_synthetic.csv,128,3,10.142222222222223,10.929444444444444,2.2444444444444445,23.688888888888886,92.78031024766312,92.79723478879684,3,89.04,1.55,93.15,278,428,128,lab_observations_synthetic 3.csv,97.2,RESISTANT,genomics_synthetic 2.csv,128,0,0,True,True,True,True,True,True,True,True,True,True,RED,RED
8040C400-F38F-5834-98D2-13FDFCC541BF,SYN-MZ-00128,SYNTH_LINE_00128,3,3,94.4,7.1,22.3,83.7,4.74,SUSCEPTIBLE,92.3,RED,Fails must-pass: yield vs checks 94.4% (below minimum 95%); disease score 7.1 (above limit 6.0); fumonisin 4.7 (above limit 4.0),,,,True,candidate_recommendations_synthetic.csv,129,3,10.312222222222223,10.929444444444444,7.099999999999999,22.255555555555556,94.5773266384772,94.35266609058102,3,74.0,4.74,83.7,279,429,129,lab_observations_synthetic 3.csv,92.3,SUSCEPTIBLE,genomics_synthetic 2.csv,129,0,0,True,True,True,True,True,True,True,True,True,True,RED,RED
429606DB-8ABE-5CFA-9D27-93EF31C370D5,SYN-MZ-00129,SYNTH_LINE_00129,3,3,91.4,6.91,19.0,92.2,1.4,SUSCEPTIBLE,88.3,RED,Fails must-pass: yield vs checks 91.4% (below minimum 95%); disease score 6.9 (above limit 6.0),,,,True,candidate_recommendations_synthetic.csv,130,3,9.307777777777778,10.185,6.911111111111111,19.033333333333335,91.45525791023597,91.38711612938417,3,83.73,1.4,92.23,280,430,130,lab_observations_synthetic 3.csv,88.3,SUSCEPTIBLE,genomics_synthetic 2.csv,130,0,0,True,True,True,True,True,True,True,True,True,True,RED,RED
C9E8677D-E4B2-5B43-9A17-030646404FA5,SYN-MZ-00130,SYNTH_LINE_00130,3,3,101.2,4.22,21.5,94.4,1.32,INTERMEDIATE,101.2,AMBER,Check: yield vs checks 101.2% (below target 103%); disease score 4.2 (above target 4.0),,,,True,candidate_recommendations_synthetic.csv,131,3,10.302222222222222,10.185,4.222222222222222,21.46666666666667,101.18511200683959,101.15093001690938,3,94.41,1.32,94.44,281,431,131,lab_observations_synthetic 3.csv,101.2,INTERMEDIATE,genomics_synthetic 2.csv,131,0,0,True,True,True,True,True,True,True,True,True,True,AMBER,AMBER
A94988AC-50A4-515D-98DA-190B0706A5F6,SYN-MZ-00131,SYNTH_LINE_00131,3,2,104.2,6.2,23.3,95.8,1.14,SUSCEPTIBLE,106.8,RED,Fails must-pass: disease score 6.2 (above limit 6.0),1 trial(s) excluded: irrigation missed,,,True,candidate_recommendations_synthetic.csv,132,2,10.801666666666666,10.365833333333335,6.2,23.299999999999997,104.27717357100919,104.20451804807458,3,94.87,1.14,95.8,282,432,132,lab_observations_synthetic 3.csv,106.8,SUSCEPTIBLE,genomics_synthetic 2.csv,132,1,1,True,True,True,True,True,True,True,True,True,True,RED,RED
EA9989C2-8AE1-5B6E-ABAA-9267432935A7,SYN-MZ-00132,SYNTH_LINE_00132,3,2,98.4,5.52,21.1,91.4,1.13,SUSCEPTIBLE,106.9,AMBER,Check: yield vs checks 98.4% (below target 103%); disease score 5.5 (above target 4.0); disease-susceptible marker,1 trial(s) excluded: irrigation missed,,,True,candidate_recommendations_synthetic.csv,133,2,10.204999999999998,10.365833333333335,5.516666666666666,21.15,98.42118539747935,98.44842833025159,3,80.93,1.13,91.39,283,433,133,lab_observations_synthetic 3.csv,106.9,SUSCEPTIBLE,genomics_synthetic 2.csv,133,1,1,True,True,True,True,True,True,True,True,True,True,AMBER,AMBER
4FF93F22-1CD9-5FC7-BB9E-3A854E35348C,SYN-MZ-00133,SYNTH_LINE_00133,3,2,91.4,7.38,20.9,98.5,1.4,SUSCEPTIBLE,89.7,RED,Fails must-pass: yield vs checks 91.4% (below minimum 95%); disease score 7.4 (above limit 6.0),1 trial(s) excluded: irrigation missed,,,True,candidate_recommendations_synthetic.csv,134,2,9.018333333333334,9.870000000000001,7.383333333333333,20.95,91.37975754126288,91.37115839243499,3,86.25,1.4,98.46,284,434,134,lab_observations_synthetic 3.csv,89.7,SUSCEPTIBLE,genomics_synthetic 2.csv,134,1,1,True,True,True,True,True,True,True,True,True,True,RED,RED
2C90876A-3033-52FD-A2B0-D7957122C89B,SYN-MZ-00134,SYNTH_LINE_00134,3,2,94.9,5.13,18.0,90.6,0.56,INTERMEDIATE,105.8,RED,Fails must-pass: yield vs checks 94.9% (below minimum 95%),1 trial(s) excluded: irrigation missed,,,True,candidate_recommendations_synthetic.csv,135,2,9.370000000000001,9.870000000000001,5.133333333333333,18.0,94.93764589070821,94.93414387031409,3,94.62,0.56,90.64,285,435,135,lab_observations_synthetic 3.csv,105.8,INTERMEDIATE,genomics_synthetic 2.csv,135,1,1,True,True,True,True,True,True,True,True,True,True,RED,RED
4521A948-8DB4-57C9-AD7A-DE07CBC7D66A,SYN-MZ-00135,SYNTH_LINE_00135,3,2,113.1,3.13,19.7,92.3,0.68,RESISTANT,116.9,GREEN,Beats checks (113%) with all field and lab checks passing,1 trial(s) excluded: irrigation missed,,,True,candidate_recommendations_synthetic.csv,136,2,12.185,10.774166666666666,3.1333333333333333,19.71666666666667,113.10391703173997,113.09459354938511,3,86.28,0.68,92.26,286,436,136,lab_observations_synthetic 3.csv,116.9,RESISTANT,genomics_synthetic 2.csv,136,1,1,True,True,True,True,True,True,True,True,True,True,GREEN,GREEN
209BD3AD-17D6-5EF4-AB69-737AAC8CEEDB,SYN-MZ-00136,SYNTH_LINE_00136,3,2,105.7,3.3,17.9,80.3,1.05,RESISTANT,103.9,AMBER,Check: germination 80.3% (below minimum 85%),1 trial(s) excluded: irrigation missed,,,True,candidate_recommendations_synthetic.csv,137,2,11.385000000000002,10.774166666666666,3.3,17.95,105.81363448996629,105.6694253229175,3,74.84,1.05,80.34,287,437,137,lab_observations_synthetic 3.csv,103.9,RESISTANT,genomics_synthetic 2.csv,137,1,1,True,True,True,True,True,True,True,True,True,True,AMBER,AMBER
F3B70947-7AB8-55DB-AB66-D6A0A31ADB28,SYN-MZ-00137,SYNTH_LINE_00137,3,3,96.1,3.34,24.7,98.5,1.41,RESISTANT,91.8,AMBER,Check: yield vs checks 96.1% (below target 103%); harvest moisture 24.7 (above target 23.0),,,,True,candidate_recommendations_synthetic.csv,138,3,10.115555555555556,10.527777777777779,3.3444444444444446,24.655555555555555,95.914282802054,96.0844327176781,3,83.27,1.41,98.48,288,438,138,lab_observations_synthetic 3.csv,91.8,RESISTANT,genomics_synthetic 2.csv,138,0,0,True,True,True,True,True,True,True,True,True,True,AMBER,AMBER
21CB14E4-98B8-5908-8539-D73D75F044FB,SYN-MZ-00138,SYNTH_LINE_00138,3,3,98.4,4.23,22.1,86.4,0.6,INTERMEDIATE,90.7,AMBER,Check: yield vs checks 98.4% (below target 103%); disease score 4.2 (above target 4.0); germination 86.4% (below target 90%),,,,True,candidate_recommendations_synthetic.csv,139,3,10.360000000000001,10.527777777777779,4.233333333333333,22.11111111111111,98.30202843882307,98.40633245382587,3,66.52,0.6,86.41,289,439,139,lab_observations_synthetic 3.csv,90.7,INTERMEDIATE,genomics_synthetic 2.csv,139,0,0,True,True,True,True,True,True,True,True,True,True,AMBER,AMBER
E1CFB207-FA7D-5CE8-936D-2B35530B6FCB,SYN-MZ-00139,SYNTH_LINE_00139,3,3,106.2,3.21,22.6,92.0,0.54,RESISTANT,111.6,GREEN,Beats checks (106%) with all field and lab checks passing,,,,True,candidate_recommendations_synthetic.csv,140,3,11.50222222222222,10.831111111111111,3.211111111111111,22.611111111111114,106.2865957588999,106.19614279852277,3,90.94,0.54,91.95,290,440,140,lab_observations_synthetic 3.csv,111.6,RESISTANT,genomics_synthetic 2.csv,140,0,0,True,True,True,True,True,True,True,True,True,True,GREEN,GREEN
CBC9BD95-73A5-59BF-BCFD-F30992314688,SYN-MZ-00140,SYNTH_LINE_00140,3,3,91.7,2.58,21.0,94.4,1.06,RESISTANT,97.9,RED,Fails must-pass: yield vs checks 91.7% (below minimum 95%),,,,True,candidate_recommendations_synthetic.csv,141,3,9.933333333333332,10.831111111111111,2.577777777777778,21.022222222222222,91.72469407950261,91.71112022979071,3,85.14,1.06,94.43,291,441,141,lab_observations_synthetic 3.csv,97.9,RESISTANT,genomics_synthetic 2.csv,141,0,0,True,True,True,True,True,True,True,True,True,True,RED,RED
A851DD56-866F-5923-B0A6-19BDB0B11A8B,SYN-MZ-00141,SYNTH_LINE_00141,3,3,112.1,2.9,18.2,95.2,0.87,RESISTANT,102.0,GREEN,Beats checks (112%) with all field and lab checks passing,,,,True,candidate_recommendations_synthetic.csv,142,3,11.402222222222221,10.167222222222222,2.9000000000000004,18.177777777777777,112.27868626138199,112.14687721982405,3,85.86,0.87,95.17,292,442,142,lab_observations_synthetic 3.csv,102.0,RESISTANT,genomics_synthetic 2.csv,142,0,0,True,True,True,True,True,True,True,True,True,True,GREEN,GREEN
DB0593B1-E991-5A37-B5FA-BC3E7A2016F1,SYN-MZ-00142,SYNTH_LINE_00142,3,3,93.5,4.4,21.5,97.8,7.4,INTERMEDIATE,91.5,RED,Fails must-pass: yield vs checks 93.5% (below minimum 95%); fumonisin 7.4 (above limit 4.0),,,,True,candidate_recommendations_synthetic.csv,143,3,9.506666666666666,10.167222222222222,4.3999999999999995,21.51111111111111,93.49832142172136,93.50308726299109,3,83.41,7.4,97.81,293,443,143,lab_observations_synthetic 3.csv,91.5,INTERMEDIATE,genomics_synthetic 2.csv,143,0,0,True,True,True,True,True,True,True,True,True,True,RED,RED
32AF3857-19CC-5F20-B54E-D3EF4EB2E05B,SYN-MZ-00143,SYNTH_LINE_00143,3,3,104.5,6.5,20.0,81.6,1.01,SUSCEPTIBLE,113.9,RED,Fails must-pass: disease score 6.5 (above limit 6.0),,,,True,candidate_recommendations_synthetic.csv,144,3,10.724444444444444,10.265,6.5,19.96666666666667,104.41836696426401,104.47583482167016,3,62.25,1.01,81.56,294,444,144,lab_observations_synthetic 3.csv,113.9,SUSCEPTIBLE,genomics_synthetic 2.csv,144,0,0,True,True,True,True,True,True,True,True,True,True,RED,RED
E5CE3662-1D34-5A4A-AAD6-8F5B9A767126,SYN-MZ-00144,SYNTH_LINE_00144,3,3,113.2,2.41,18.7,94.9,1.45,RESISTANT,113.4,GREEN,Beats checks (113%) with all field and lab checks passing,,,,True,candidate_recommendations_synthetic.csv,145,3,11.621111111111112,10.265,2.411111111111111,18.711111111111112,113.2509436189938,113.21101910483304,3,90.51,1.45,94.93,295,445,145,lab_observations_synthetic 3.csv,113.4,RESISTANT,genomics_synthetic 2.csv,145,0,0,True,True,True,True,True,True,True,True,True,True,GREEN,GREEN
B7858025-7776-5C12-B209-88B3225A9E24,SYN-MZ-00145,SYNTH_LINE_00145,2,2,89.9,4.0,21.2,94.7,0.36,INTERMEDIATE,92.1,RED,Fails must-pass: yield vs checks 89.9% (below minimum 95%),,,,True,candidate_recommendations_synthetic.csv,146,2,9.018333333333334,10.034166666666668,4.0,21.233333333333334,89.90434365969624,89.87625612490658,2,87.47,0.36,94.69,296,446,146,lab_observations_synthetic 3.csv,92.1,INTERMEDIATE,genomics_synthetic 2.csv,146,0,0,True,True,True,True,True,True,True,True,True,True,RED,RED
1CEB7127-A7F9-58EA-AD95-89A5CC12EA06,SYN-MZ-00146,SYNTH_LINE_00146,2,2,117.8,4.13,20.9,93.5,0.69,RESISTANT,114.8,AMBER,Check: disease score 4.1 (above target 4.0),,,,True,candidate_recommendations_synthetic.csv,147,2,11.823333333333334,10.034166666666668,4.133333333333333,20.883333333333333,117.91260801935802,117.83074495473798,2,82.74,0.69,93.49,297,447,147,lab_observations_synthetic 3.csv,114.8,RESISTANT,genomics_synthetic 2.csv,147,0,0,True,True,True,True,True,True,True,True,True,True,AMBER,AMBER
B3658393-C684-5F89-B232-1E8645DAC209,SYN-MZ-00147,SYNTH_LINE_00147,1,1,107.0,3.2,20.8,94.9,1.89,RESISTANT,114.9,AMBER,Check: only 1 usable trial,,,,True,candidate_recommendations_synthetic.csv,148,1,11.049999999999999,10.328333333333333,3.1999999999999997,20.766666666666666,106.98725189607875,106.98725189607875,1,93.89,1.89,94.88,298,448,148,lab_observations_synthetic 3.csv,114.9,RESISTANT,genomics_synthetic 2.csv,148,0,0,True,True,True,True,True,True,True,True,True,True,AMBER,AMBER
52DC85E8-1E39-59B3-A1FB-FEC6604E17E3,SYN-MZ-00148,SYNTH_LINE_00148,1,1,107.0,2.5,18.7,97.9,1.54,RESISTANT,110.7,AMBER,Check: only 1 usable trial,,,,True,candidate_recommendations_synthetic.csv,149,1,11.049999999999999,10.328333333333333,2.5,18.7,106.98725189607875,106.98725189607875,1,80.43,1.54,97.88,299,449,149,lab_observations_synthetic 3.csv,110.7,RESISTANT,genomics_synthetic 2.csv,149,0,0,True,True,True,True,True,True,True,True,True,True,AMBER,AMBER
14C7FB76-9D5D-5D1D-92B1-253E5935ED46,SYN-MZ-00149,SYNTH_LINE_00149,0,0,,,,96.1,1.59,INTERMEDIATE,92.9,AMBER,No field data yet (genotyped only) - cannot judge performance,,,,True,candidate_recommendations_synthetic.csv,150,0,,,,,,,0,91.32,1.59,96.09,300,450,150,lab_observations_synthetic 3.csv,92.9,INTERMEDIATE,genomics_synthetic 2.csv,150,0,0,True,True,True,True,True,True,True,True,True,True,AMBER,AMBER
FC3A6C5C-3F47-5270-8751-1D2A044CD84B,SYN-MZ-00150,SYNTH_LINE_00150,0,0,,,,94.7,0.42,RESISTANT,118.4,AMBER,No field data yet (genotyped only) - cannot judge performance,,,,True,candidate_recommendations_synthetic.csv,151,0,,,,,,,0,86.22,0.42,94.72,301,451,151,lab_observations_synthetic 3.csv,118.4,RESISTANT,genomics_synthetic 2.csv,151,0,0,True,True,True,True,True,True,True,True,True,True,AMBER,AMBER
