source,column,level,count,share
recommendations,SYSTEM_RAG,RED,65,0.43333333333333335
recommendations,SYSTEM_RAG,AMBER,53,0.35333333333333333
recommendations,SYSTEM_RAG,GREEN,32,0.21333333333333335
recommendations,MARKER_DISEASE_RESISTANCE,RESISTANT,79,0.5266666666666666
recommendations,MARKER_DISEASE_RESISTANCE,SUSCEPTIBLE,41,0.2733333333333333
recommendations,MARKER_DISEASE_RESISTANCE,INTERMEDIATE,30,0.2
genomics,QC_STATUS_LID,PASS,152,1.0
genomics,MARKER_DISEASE_RESISTANCE,RESISTANT,79,0.5197368421052632
genomics,MARKER_DISEASE_RESISTANCE,SUSCEPTIBLE,41,0.26973684210526316
genomics,MARKER_DISEASE_RESISTANCE,INTERMEDIATE,32,0.21052631578947367
genomics,MARKER_DROUGHT_TOLERANCE,FAVOURABLE,60,0.39473684210526316
genomics,MARKER_DROUGHT_TOLERANCE,NEUTRAL,47,0.3092105263157895
genomics,MARKER_DROUGHT_TOLERANCE,UNFAVOURABLE,45,0.29605263157894735
genomics,MARKER_YIELD_POTENTIAL,MEDIUM,54,0.35526315789473684
genomics,MARKER_YIELD_POTENTIAL,HIGH,50,0.32894736842105265
genomics,MARKER_YIELD_POTENTIAL,LOW,48,0.3157894736842105
operations,OPERATION_TYPE_LID,SOWING,72,0.2
operations,OPERATION_TYPE_LID,FERTILISATION,72,0.2
operations,OPERATION_TYPE_LID,IRRIGATION,72,0.2
operations,OPERATION_TYPE_LID,FUNGICIDE_SPRAY,72,0.2
operations,OPERATION_TYPE_LID,HARVEST,72,0.2
operations,STATUS_LID,COMPLETED,344,0.9555555555555556
operations,STATUS_LID,DELAYED,11,0.030555555555555555
operations,STATUS_LID,MISSED,5,0.013888888888888888
operations,RECORDED_VIA,PAPER,124,0.34444444444444444
operations,RECORDED_VIA,EXCEL,122,0.3388888888888889
operations,RECORDED_VIA,FIELD_APP,98,0.2722222222222222
operations,RECORDED_VIA,WHATSAPP,11,0.030555555555555555
operations,RECORDED_VIA,PDF_REPORT,5,0.013888888888888888
bridge,ENTRY_ROLE_LID,TRIAL_ENTRY,1296,0.75
bridge,ENTRY_ROLE_LID,CHECK,432,0.25
