TRIAL_GUID,TRIAL_ID,GENOMIC_BREEDING_VALUE_MEAN,RESISTANT_MATERIAL_PCT,gbv_observation,resistant_observation,n_observation,gbv_match_observation,resistant_match_observation,gbv_operations,resistant_operations,n_operations,gbv_match_operations,resistant_match_operations,gbv_block,resistant_block,n_block,gbv_match_block,resistant_match_block
620A7637-3BE2-7307-0000-000000000001,SYN-TR-0001,105.4,30.0,105.05,30.0,10,False,True,105.77,33.3,3,False,False,105.43,30.0,10,True,True
620A7637-3BE2-7307-0000-000000000002,SYN-TR-0002,99.9,50.0,101.25,40.0,10,False,False,98.53,33.3,3,False,False,99.89,50.0,10,True,True
620A7637-3BE2-7307-0000-000000000003,SYN-TR-0003,106.8,70.0,98.48,10.0,10,False,False,103.17,0.0,3,False,False,106.82,70.0,10,True,True
620A7637-3BE2-7307-0000-000000000004,SYN-TR-0004,108.9,50.0,107.43,40.0,10,False,False,113.77,66.7,3,False,False,108.87,50.0,10,True,True
620A7637-3BE2-7307-0000-000000000005,SYN-TR-0005,108.9,50.0,97.11,30.0,10,False,False,100.97,33.3,3,False,False,108.89,50.0,10,True,True
620A7637-3BE2-7307-0000-000000000006,SYN-TR-0006,98.6,20.0,106.02,30.0,10,False,False,104.37,66.7,3,False,False,98.63,20.0,10,True,True
620A7637-3BE2-7307-0000-000000000007,SYN-TR-0007,105.2,30.0,104.38,20.0,10,False,False,110.33,33.3,3,False,False,105.22,30.0,10,True,True
620A7637-3BE2-7307-0000-000000000008,SYN-TR-0008,103.4,10.0,98.37,30.0,10,False,False,103.07,33.3,3,False,False,103.43,10.0,10,True,True
620A7637-3BE2-7307-0000-000000000009,SYN-TR-0009,109.8,50.0,99.45,0.0,10,False,False,102.5,0.0,3,False,False,109.77,50.0,10,True,True
620A7637-3BE2-7307-0000-00000000000A,SYN-TR-0010,105.5,50.0,104.7,30.0,10,False,False,102.47,33.3,3,False,False,105.49,50.0,10,True,True
620A7637-3BE2-7307-0000-00000000000B,SYN-TR-0011,105.0,50.0,98.97,40.0,10,False,False,106.17,33.3,3,False,False,104.97,50.0,10,True,True
620A7637-3BE2-7307-0000-00000000000C,SYN-TR-0012,100.8,40.0,105.32,20.0,10,False,False,108.5,33.3,3,False,False,100.83,40.0,10,True,True
620A7637-3BE2-7307-0000-00000000000D,SYN-TR-0013,105.5,70.0,101.78,30.0,10,False,False,107.07,0.0,3,False,False,105.52,70.0,10,True,True
620A7637-3BE2-7307-0000-00000000000E,SYN-TR-0014,101.0,30.0,98.28,40.0,10,False,False,101.4,0.0,3,False,False,100.96,30.0,10,True,True
620A7637-3BE2-7307-0000-00000000000F,SYN-TR-0015,95.3,30.0,103.32,0.0,10,False,False,107.5,33.3,3,False,False,95.3,30.0,10,True,True
620A7637-3BE2-7307-0000-000000000010,SYN-TR-0016,105.4,30.0,103.91,30.0,10,False,True,96.13,0.0,3,False,False,105.43,30.0,10,True,True
620A7637-3BE2-7307-0000-000000000011,SYN-TR-0017,99.9,50.0,103.91,60.0,10,False,False,109.07,66.7,3,False,False,99.89,50.0,10,True,True
620A7637-3BE2-7307-0000-000000000012,SYN-TR-0018,106.8,70.0,107.99,30.0,10,False,False,92.87,0.0,3,False,False,106.82,70.0,10,True,True
620A7637-3BE2-7307-0000-000000000013,SYN-TR-0019,108.9,50.0,101.4,40.0,10,False,False,102.1,66.7,3,False,False,108.87,50.0,10,True,True
620A7637-3BE2-7307-0000-000000000014,SYN-TR-0020,108.9,50.0,99.22,30.0,10,False,False,97.63,33.3,3,False,False,108.89,50.0,10,True,True
620A7637-3BE2-7307-0000-000000000015,SYN-TR-0021,98.6,20.0,104.83,10.0,10,False,False,110.63,66.7,3,False,False,98.63,20.0,10,True,True
620A7637-3BE2-7307-0000-000000000016,SYN-TR-0022,105.2,30.0,104.66,30.0,10,False,True,103.57,0.0,3,False,False,105.22,30.0,10,True,True
620A7637-3BE2-7307-0000-000000000017,SYN-TR-0023,103.4,10.0,107.42,70.0,10,False,False,104.73,33.3,3,False,False,103.43,10.0,10,True,True
620A7637-3BE2-7307-0000-000000000018,SYN-TR-0024,109.8,50.0,107.96,40.0,10,False,False,100.3,0.0,3,False,False,109.77,50.0,10,True,True
620A7637-3BE2-7307-0000-000000000019,SYN-TR-0025,105.5,50.0,100.25,50.0,10,False,True,100.47,66.7,3,False,False,105.49,50.0,10,True,True
620A7637-3BE2-7307-0000-00000000001A,SYN-TR-0026,105.0,50.0,101.45,40.0,10,False,False,104.9,33.3,3,False,False,104.97,50.0,10,True,True
620A7637-3BE2-7307-0000-00000000001B,SYN-TR-0027,100.8,40.0,110.9,30.0,10,False,False,108.4,0.0,3,False,False,100.83,40.0,10,True,True
620A7637-3BE2-7307-0000-00000000001C,SYN-TR-0028,105.5,70.0,98.11,20.0,10,False,False,100.87,0.0,3,False,False,105.52,70.0,10,True,True
620A7637-3BE2-7307-0000-00000000001D,SYN-TR-0029,101.0,30.0,107.97,70.0,10,False,False,107.2,33.3,3,False,False,100.96,30.0,10,True,True
620A7637-3BE2-7307-0000-00000000001E,SYN-TR-0030,95.3,30.0,111.07,50.0,10,False,False,102.23,33.3,3,False,False,95.3,30.0,10,True,True
620A7637-3BE2-7307-0000-00000000001F,SYN-TR-0031,105.4,30.0,102.44,70.0,10,False,False,108.8,66.7,3,False,False,105.43,30.0,10,True,True
620A7637-3BE2-7307-0000-000000000020,SYN-TR-0032,99.9,50.0,102.88,50.0,10,False,True,106.8,100.0,3,False,False,99.89,50.0,10,True,True
620A7637-3BE2-7307-0000-000000000021,SYN-TR-0033,106.8,70.0,110.13,40.0,10,False,False,104.3,0.0,3,False,False,106.82,70.0,10,True,True
620A7637-3BE2-7307-0000-000000000022,SYN-TR-0034,108.9,50.0,97.07,20.0,10,False,False,104.7,33.3,3,False,False,108.87,50.0,10,True,True
620A7637-3BE2-7307-0000-000000000023,SYN-TR-0035,108.9,50.0,110.28,80.0,10,False,False,107.87,100.0,3,False,False,108.89,50.0,10,True,True
620A7637-3BE2-7307-0000-000000000024,SYN-TR-0036,98.6,20.0,108.39,50.0,10,False,False,109.87,66.7,3,False,False,98.63,20.0,10,True,True
620A7637-3BE2-7307-0000-000000000025,SYN-TR-0037,105.2,30.0,104.89,60.0,10,False,False,99.37,66.7,3,False,False,105.22,30.0,10,True,True
620A7637-3BE2-7307-0000-000000000026,SYN-TR-0038,103.4,10.0,103.6,70.0,10,False,False,103.6,66.7,3,False,False,103.43,10.0,10,True,True
620A7637-3BE2-7307-0000-000000000027,SYN-TR-0039,109.8,50.0,111.2,40.0,10,False,False,110.97,66.7,3,False,False,109.77,50.0,10,True,True
620A7637-3BE2-7307-0000-000000000028,SYN-TR-0040,105.5,50.0,98.48,20.0,10,False,False,90.67,33.3,3,False,False,105.49,50.0,10,True,True
620A7637-3BE2-7307-0000-000000000029,SYN-TR-0041,105.0,50.0,112.58,70.0,10,False,False,113.37,100.0,3,False,False,104.97,50.0,10,True,True
620A7637-3BE2-7307-0000-00000000002A,SYN-TR-0042,100.8,40.0,106.92,60.0,10,False,False,102.83,66.7,3,False,False,100.83,40.0,10,True,True
620A7637-3BE2-7307-0000-00000000002B,SYN-TR-0043,105.5,70.0,108.73,60.0,10,False,False,103.67,100.0,3,False,False,105.52,70.0,10,True,True
620A7637-3BE2-7307-0000-00000000002C,SYN-TR-0044,101.0,30.0,104.48,70.0,10,False,False,114.83,66.7,3,False,False,100.96,30.0,10,True,True
620A7637-3BE2-7307-0000-00000000002D,SYN-TR-0045,95.3,30.0,109.61,60.0,10,False,False,106.43,33.3,3,False,False,95.3,30.0,10,True,True
620A7637-3BE2-7307-0000-00000000002E,SYN-TR-0046,105.4,30.0,96.02,20.0,10,False,False,100.73,66.7,3,False,False,105.43,30.0,10,True,True
620A7637-3BE2-7307-0000-00000000002F,SYN-TR-0047,99.9,50.0,110.64,60.0,10,False,False,107.53,100.0,3,False,False,99.89,50.0,10,True,True
620A7637-3BE2-7307-0000-000000000030,SYN-TR-0048,106.8,70.0,104.0,40.0,10,False,False,116.2,66.7,3,False,False,106.82,70.0,10,True,True
620A7637-3BE2-7307-0000-000000000031,SYN-TR-0049,108.9,50.0,109.25,60.0,10,False,False,109.4,33.3,3,False,False,108.87,50.0,10,True,True
620A7637-3BE2-7307-0000-000000000032,SYN-TR-0050,108.9,50.0,106.06,80.0,10,False,False,111.8,100.0,3,False,False,108.89,50.0,10,True,True
620A7637-3BE2-7307-0000-000000000033,SYN-TR-0051,98.6,20.0,107.3,60.0,10,False,False,103.97,66.7,3,False,False,98.63,20.0,10,True,True
620A7637-3BE2-7307-0000-000000000034,SYN-TR-0052,105.2,30.0,93.2,20.0,10,False,False,102.5,0.0,3,False,False,105.22,30.0,10,True,True
620A7637-3BE2-7307-0000-000000000035,SYN-TR-0053,103.4,10.0,106.98,50.0,10,False,False,107.47,33.3,3,False,False,103.43,10.0,10,True,True
620A7637-3BE2-7307-0000-000000000036,SYN-TR-0054,109.8,50.0,107.58,50.0,10,False,True,117.3,66.7,3,False,False,109.77,50.0,10,True,True
620A7637-3BE2-7307-0000-000000000037,SYN-TR-0055,105.5,50.0,108.74,50.0,10,False,True,106.87,0.0,3,False,False,105.49,50.0,10,True,True
620A7637-3BE2-7307-0000-000000000038,SYN-TR-0056,105.0,50.0,107.41,70.0,10,False,False,102.97,66.7,3,False,False,104.97,50.0,10,True,True
620A7637-3BE2-7307-0000-000000000039,SYN-TR-0057,100.8,40.0,101.48,40.0,10,False,True,95.13,33.3,3,False,False,100.83,40.0,10,True,True
620A7637-3BE2-7307-0000-00000000003A,SYN-TR-0058,105.5,70.0,100.0,30.0,10,False,False,101.43,0.0,3,False,False,105.52,70.0,10,True,True
620A7637-3BE2-7307-0000-00000000003B,SYN-TR-0059,101.0,30.0,105.48,60.0,10,False,False,108.4,66.7,3,False,False,100.96,30.0,10,True,True
620A7637-3BE2-7307-0000-00000000003C,SYN-TR-0060,95.3,30.0,102.98,40.0,10,False,False,113.77,66.7,3,False,False,95.3,30.0,10,True,True
620A7637-3BE2-7307-0000-00000000003D,SYN-TR-0061,105.4,30.0,109.03,30.0,10,False,True,101.03,33.3,3,False,False,105.43,30.0,10,True,True
620A7637-3BE2-7307-0000-00000000003E,SYN-TR-0062,99.9,50.0,104.9,60.0,10,False,False,121.07,100.0,3,False,False,99.89,50.0,10,True,True
620A7637-3BE2-7307-0000-00000000003F,SYN-TR-0063,106.8,70.0,100.13,30.0,10,False,False,104.9,0.0,3,False,False,106.82,70.0,10,True,True
620A7637-3BE2-7307-0000-000000000040,SYN-TR-0064,108.9,50.0,102.09,40.0,10,False,False,98.13,66.7,3,False,False,108.87,50.0,10,True,True
620A7637-3BE2-7307-0000-000000000041,SYN-TR-0065,108.9,50.0,101.1,40.0,10,False,False,99.27,33.3,3,False,False,108.89,50.0,10,True,True
620A7637-3BE2-7307-0000-000000000042,SYN-TR-0066,98.6,20.0,105.2,40.0,10,False,False,109.6,66.7,3,False,False,98.63,20.0,10,True,True
620A7637-3BE2-7307-0000-000000000043,SYN-TR-0067,105.2,30.0,109.06,30.0,10,False,True,108.37,33.3,3,False,False,105.22,30.0,10,True,True
620A7637-3BE2-7307-0000-000000000044,SYN-TR-0068,103.4,10.0,102.03,50.0,10,False,False,97.4,33.3,3,False,False,103.43,10.0,10,True,True
620A7637-3BE2-7307-0000-000000000045,SYN-TR-0069,109.8,50.0,99.32,30.0,10,False,False,103.67,33.3,3,False,False,109.77,50.0,10,True,True
620A7637-3BE2-7307-0000-000000000046,SYN-TR-0070,105.5,50.0,103.13,60.0,10,False,False,104.47,66.7,3,False,False,105.49,50.0,10,True,True
620A7637-3BE2-7307-0000-000000000047,SYN-TR-0071,105.0,50.0,97.73,40.0,10,False,False,102.43,33.3,3,False,False,104.97,50.0,10,True,True
620A7637-3BE2-7307-0000-000000000048,SYN-TR-0072,100.8,40.0,104.84,30.0,10,False,False,116.77,33.3,3,False,False,100.83,40.0,10,True,True
