source,target,distinct,resolved,missing_rows,unresolved
recommendations.MATERIAL_GUID,germplasm.MATERIAL_GUID,150,150,0,
genomics.MATERIAL_GUID,germplasm.MATERIAL_GUID,152,152,0,
lab.MATERIAL_GUID,germplasm.MATERIAL_GUID,152,152,0,
bridge.MATERIAL_GUID,germplasm.MATERIAL_GUID,150,150,0,
bridge.LINE_GUID,germplasm.LINE_GUID,150,150,0,
observation.TRIAL_ENTRY_RELATIONSHIP_GUID,bridge.TRIAL_ENTRY_GUID,1728,1728,0,
observation.GID,germplasm.MATERIAL_GUID,150,150,0,
observation.ATTACHED_TO_FIELD_ENTITY_ID,bridge.FIELD_ENTITY_ID,72,72,0,
observation.FIELD_ID,bridge.TRIAL_GUID,72,72,0,
operations.ATTACHED_TO_FIELD_ENTITY_ID,bridge.FIELD_ENTITY_ID,72,72,0,
observation.TRAIT_GUID,dictionary.TRAIT_GUID,3,3,0,
lab.TRAIT_GUID,dictionary.TRAIT_GUID,3,3,0,
