metric,tolerance,compared,matches,both_missing,missing_disagreement,max_abs_delta
N_TRIALS,0.0,150,150,0,0,0.0
N_TRIALS_USED,0.0,150,150,0,0,0.0
YIELD_VS_CHECK_PCT,0.05,148,148,2,0,0.04906998309061805
DISEASE_SCORE_MEAN,0.005,148,148,2,0,0.004444444444445139
MOISTURE_PCT_MEAN,0.05,148,148,2,0,0.05000000000000071
GERMINATION_PCT,0.05,150,150,0,0,0.04999999999999716
FUMONISIN_PPM,0.005,150,150,0,0,0.0
GENOMIC_BREEDING_VALUE,0.0,150,150,0,0,0.0
MARKER_DISEASE_RESISTANCE,0.0,150,150,0,0,0.0
EXCLUDED_TRIAL_CAVEAT,0.0,150,150,0,0,0.0
