source,metric,unit,missing,count,mean,std,min,25%,50%,75%,max
candidate summary,N_TRIALS,trials,0,150.0,2.88,0.49044562670257125,0.0,3.0,3.0,3.0,3.0
candidate summary,N_TRIALS_USED,trials,0,150.0,2.68,0.5943808464309956,0.0,2.0,3.0,3.0,3.0
candidate summary,YIELD_VS_CHECK_PCT,% of checks,2,148.0,101.95135135135135,9.005602840186116,82.5,94.375,102.35,109.4,122.7
candidate summary,DISEASE_SCORE_MEAN,score,2,148.0,4.141418918918919,1.5352683782912797,1.88,2.98,3.635,5.342499999999999,8.03
candidate summary,MOISTURE_PCT_MEAN,%,2,148.0,21.19189189189189,1.9279015949113438,15.6,19.875,21.1,22.4,26.4
candidate summary,GERMINATION_PCT,%,0,150.0,93.77133333333333,4.119349278556895,80.0,92.2,94.85,96.8,98.5
candidate summary,FUMONISIN_PPM,ppm,0,150.0,1.3139333333333334,1.1222645470861727,0.25,0.69,1.13,1.55,7.4
candidate summary,GENOMIC_BREEDING_VALUE,index,0,150.0,103.37466666666666,10.141318148089066,85.2,93.92500000000001,102.4,112.2,119.6
observation,DISEASE_SCORE,score,0,1728.0,4.179398148148148,1.465082209161937,1.0,3.1,4.0,5.0,9.0
observation,YIELD_T_HA,t/ha,0,1728.0,10.446475694444443,1.1962802889826594,6.5,9.627500000000001,10.37,11.21,14.97
observation,MOISTURE_PCT,%,0,1728.0,21.245196759259258,1.8910327097598023,14.7,20.1,21.2,22.3,27.8
lab,GERMINATION_PCT,%,0,152.0,93.80111842105264,4.094028691433529,80.01,92.2075,94.88,96.835,98.48
lab,COLD_TEST_PCT,%,0,152.0,85.21940789473683,6.452059092608095,62.25,82.7075,85.495,89.6575,94.95
lab,FUMONISIN_PPM,ppm,0,152.0,1.307828947368421,1.1160834535029138,0.25,0.69,1.125,1.55,7.4
genomics,GENOMIC_BREEDING_VALUE,index,0,152.0,103.33026315789473,10.081318632041786,85.2,93.975,102.3,112.2,119.6
genomics,QC_CALL_RATE_PCT,%,0,152.0,97.61381578947368,1.4183307669641991,95.0,96.4,97.75,98.8,99.9
operation updates,DELAY_DAYS,days,5,355.0,0.3295774647887324,1.8854478679527487,0.0,0.0,0.0,0.0,14.0
