ID,ATTACHED_TO_FIELD_ENTITY_ID,SEEDSDL_UPDATE_DATE,OPERATION_TYPE_LID,PLANNED_DATE,ACTUAL_DATE,STATUS_LID,DELAY_DAYS,RECORDED_VIA,REMARK,_source_file,_line_no
1,9620C31A-3641-5D61-8371-67DA8597ED08,2024-05-10 00:00:00.000,SOWING,2024-05-04 00:00:00.000,2024-05-04 00:00:00.000,COMPLETED,0.0,EXCEL,SYNTHETIC — integrated V2 (fixed),operations_field_updates_synthetic.csv,2
2,9620C31A-3641-5D61-8371-67DA8597ED08,2024-06-09 00:00:00.000,FERTILISATION,2024-06-03 00:00:00.000,2024-06-03 00:00:00.000,COMPLETED,0.0,EXCEL,SYNTHETIC — integrated V2 (fixed),operations_field_updates_synthetic.csv,3
3,9620C31A-3641-5D61-8371-67DA8597ED08,2024-07-02 00:00:00.000,IRRIGATION,2024-06-28 00:00:00.000,2024-06-28 00:00:00.000,COMPLETED,0.0,FIELD_APP,SYNTHETIC — integrated V2 (fixed),operations_field_updates_synthetic.csv,4
4,9620C31A-3641-5D61-8371-67DA8597ED08,2024-07-19 00:00:00.000,FUNGICIDE_SPRAY,2024-07-13 00:00:00.000,2024-07-13 00:00:00.000,COMPLETED,0.0,EXCEL,SYNTHETIC — integrated V2 (fixed),operations_field_updates_synthetic.csv,5
5,9620C31A-3641-5D61-8371-67DA8597ED08,2024-10-10 00:00:00.000,HARVEST,2024-09-26 00:00:00.000,2024-10-09 00:00:00.000,DELAYED,13.0,PDF_REPORT,SYNTHETIC — integrated V2 (fixed); Harvest late due to rain,operations_field_updates_synthetic.csv,6
6,C90732CF-65EC-5D5F-8A9A-0D25DD356CE8,2025-05-11 00:00:00.000,SOWING,2025-05-08 00:00:00.000,2025-05-08 00:00:00.000,COMPLETED,0.0,PAPER,SYNTHETIC — integrated V2 (fixed),operations_field_updates_synthetic.csv,7
7,C90732CF-65EC-5D5F-8A9A-0D25DD356CE8,2025-06-13 00:00:00.000,FERTILISATION,2025-06-07 00:00:00.000,2025-06-07 00:00:00.000,COMPLETED,0.0,PAPER,SYNTHETIC — integrated V2 (fixed),operations_field_updates_synthetic.csv,8
8,C90732CF-65EC-5D5F-8A9A-0D25DD356CE8,2025-07-08 00:00:00.000,IRRIGATION,2025-07-02 00:00:00.000,2025-07-02 00:00:00.000,COMPLETED,0.0,FIELD_APP,SYNTHETIC — integrated V2 (fixed),operations_field_updates_synthetic.csv,9
9,C90732CF-65EC-5D5F-8A9A-0D25DD356CE8,2025-07-20 00:00:00.000,FUNGICIDE_SPRAY,2025-07-17 00:00:00.000,2025-07-17 00:00:00.000,COMPLETED,0.0,FIELD_APP,SYNTHETIC — integrated V2 (fixed),operations_field_updates_synthetic.csv,10
10,C90732CF-65EC-5D5F-8A9A-0D25DD356CE8,2025-10-05 00:00:00.000,HARVEST,2025-09-30 00:00:00.000,2025-09-30 00:00:00.000,COMPLETED,0.0,FIELD_APP,SYNTHETIC — integrated V2 (fixed),operations_field_updates_synthetic.csv,11
11,E56A5B2F-A99E-5DE5-A26B-E5B74627D1D7,2026-05-09 00:00:00.000,SOWING,2026-05-06 00:00:00.000,2026-05-06 00:00:00.000,COMPLETED,0.0,FIELD_APP,SYNTHETIC — integrated V2 (fixed),operations_field_updates_synthetic.csv,12
12,E56A5B2F-A99E-5DE5-A26B-E5B74627D1D7,2026-06-09 00:00:00.000,FERTILISATION,2026-06-05 00:00:00.000,2026-06-05 00:00:00.000,COMPLETED,0.0,PAPER,SYNTHETIC — integrated V2 (fixed),operations_field_updates_synthetic.csv,13
13,E56A5B2F-A99E-5DE5-A26B-E5B74627D1D7,2026-07-04 00:00:00.000,IRRIGATION,2026-06-30 00:00:00.000,2026-06-30 00:00:00.000,COMPLETED,0.0,EXCEL,SYNTHETIC — integrated V2 (fixed),operations_field_updates_synthetic.csv,14
14,E56A5B2F-A99E-5DE5-A26B-E5B74627D1D7,2026-07-19 00:00:00.000,FUNGICIDE_SPRAY,2026-07-15 00:00:00.000,2026-07-15 00:00:00.000,COMPLETED,0.0,EXCEL,SYNTHETIC — integrated V2 (fixed),operations_field_updates_synthetic.csv,15
15,E56A5B2F-A99E-5DE5-A26B-E5B74627D1D7,2026-10-01 00:00:00.000,HARVEST,2026-09-28 00:00:00.000,2026-09-28 00:00:00.000,COMPLETED,0.0,PAPER,SYNTHETIC — integrated V2 (fixed),operations_field_updates_synthetic.csv,16
16,4F35D54D-BDFE-529B-96E5-E45E9188CCE5,2024-05-09 00:00:00.000,SOWING,2024-05-06 00:00:00.000,2024-05-06 00:00:00.000,COMPLETED,0.0,EXCEL,SYNTHETIC — integrated V2 (fixed),operations_field_updates_synthetic.csv,17
17,4F35D54D-BDFE-529B-96E5-E45E9188CCE5,2024-06-11 00:00:00.000,FERTILISATION,2024-06-05 00:00:00.000,2024-06-05 00:00:00.000,COMPLETED,0.0,PAPER,SYNTHETIC — integrated V2 (fixed),operations_field_updates_synthetic.csv,18
18,4F35D54D-BDFE-529B-96E5-E45E9188CCE5,2024-07-05 00:00:00.000,IRRIGATION,2024-06-30 00:00:00.000,,MISSED,,WHATSAPP,"SYNTHETIC — integrated V2 (fixed); Pump failure, irrigation not applied during flowering",operations_field_updates_synthetic.csv,19
19,4F35D54D-BDFE-529B-96E5-E45E9188CCE5,2024-07-18 00:00:00.000,FUNGICIDE_SPRAY,2024-07-15 00:00:00.000,2024-07-15 00:00:00.000,COMPLETED,0.0,FIELD_APP,SYNTHETIC — integrated V2 (fixed),operations_field_updates_synthetic.csv,20
20,4F35D54D-BDFE-529B-96E5-E45E9188CCE5,2024-10-02 00:00:00.000,HARVEST,2024-09-28 00:00:00.000,2024-09-28 00:00:00.000,COMPLETED,0.0,FIELD_APP,SYNTHETIC — integrated V2 (fixed),operations_field_updates_synthetic.csv,21
21,1A1D58A1-3B8B-541E-A209-5D0EF093437B,2025-05-14 00:00:00.000,SOWING,2025-05-10 00:00:00.000,2025-05-10 00:00:00.000,COMPLETED,0.0,EXCEL,SYNTHETIC — integrated V2 (fixed),operations_field_updates_synthetic.csv,22
22,1A1D58A1-3B8B-541E-A209-5D0EF093437B,2025-06-12 00:00:00.000,FERTILISATION,2025-06-09 00:00:00.000,2025-06-09 00:00:00.000,COMPLETED,0.0,PAPER,SYNTHETIC — integrated V2 (fixed),operations_field_updates_synthetic.csv,23
23,1A1D58A1-3B8B-541E-A209-5D0EF093437B,2025-07-07 00:00:00.000,IRRIGATION,2025-07-04 00:00:00.000,2025-07-04 00:00:00.000,COMPLETED,0.0,PAPER,SYNTHETIC — integrated V2 (fixed),operations_field_updates_synthetic.csv,24
24,1A1D58A1-3B8B-541E-A209-5D0EF093437B,2025-07-22 00:00:00.000,FUNGICIDE_SPRAY,2025-07-19 00:00:00.000,2025-07-19 00:00:00.000,COMPLETED,0.0,FIELD_APP,SYNTHETIC — integrated V2 (fixed),operations_field_updates_synthetic.csv,25
25,1A1D58A1-3B8B-541E-A209-5D0EF093437B,2025-10-08 00:00:00.000,HARVEST,2025-10-02 00:00:00.000,2025-10-02 00:00:00.000,COMPLETED,0.0,EXCEL,SYNTHETIC — integrated V2 (fixed),operations_field_updates_synthetic.csv,26
26,00343225-F8E7-5AAA-A9AA-EA8D341BBFC6,2026-05-12 00:00:00.000,SOWING,2026-05-07 00:00:00.000,2026-05-07 00:00:00.000,COMPLETED,0.0,FIELD_APP,SYNTHETIC — integrated V2 (fixed),operations_field_updates_synthetic.csv,27
27,00343225-F8E7-5AAA-A9AA-EA8D341BBFC6,2026-06-12 00:00:00.000,FERTILISATION,2026-06-06 00:00:00.000,2026-06-06 00:00:00.000,COMPLETED,0.0,PAPER,SYNTHETIC — integrated V2 (fixed),operations_field_updates_synthetic.csv,28
28,00343225-F8E7-5AAA-A9AA-EA8D341BBFC6,2026-07-06 00:00:00.000,IRRIGATION,2026-07-01 00:00:00.000,2026-07-01 00:00:00.000,COMPLETED,0.0,FIELD_APP,SYNTHETIC — integrated V2 (fixed),operations_field_updates_synthetic.csv,29
29,00343225-F8E7-5AAA-A9AA-EA8D341BBFC6,2026-07-19 00:00:00.000,FUNGICIDE_SPRAY,2026-07-16 00:00:00.000,2026-07-16 00:00:00.000,COMPLETED,0.0,EXCEL,SYNTHETIC — integrated V2 (fixed),operations_field_updates_synthetic.csv,30
30,00343225-F8E7-5AAA-A9AA-EA8D341BBFC6,2026-10-04 00:00:00.000,HARVEST,2026-09-29 00:00:00.000,2026-09-29 00:00:00.000,COMPLETED,0.0,PAPER,SYNTHETIC — integrated V2 (fixed),operations_field_updates_synthetic.csv,31
31,7100DDD7-D1CB-5B11-9027-9B012201D5D8,2024-05-02 00:00:00.000,SOWING,2024-04-29 00:00:00.000,2024-04-29 00:00:00.000,COMPLETED,0.0,EXCEL,SYNTHETIC — integrated V2 (fixed),operations_field_updates_synthetic.csv,32
32,7100DDD7-D1CB-5B11-9027-9B012201D5D8,2024-06-03 00:00:00.000,FERTILISATION,2024-05-29 00:00:00.000,2024-05-29 00:00:00.000,COMPLETED,0.0,PAPER,SYNTHETIC — integrated V2 (fixed),operations_field_updates_synthetic.csv,33
33,7100DDD7-D1CB-5B11-9027-9B012201D5D8,2024-06-28 00:00:00.000,IRRIGATION,2024-06-23 00:00:00.000,2024-06-23 00:00:00.000,COMPLETED,0.0,EXCEL,SYNTHETIC — integrated V2 (fixed),operations_field_updates_synthetic.csv,34
34,7100DDD7-D1CB-5B11-9027-9B012201D5D8,2024-07-12 00:00:00.000,FUNGICIDE_SPRAY,2024-07-08 00:00:00.000,2024-07-08 00:00:00.000,COMPLETED,0.0,FIELD_APP,SYNTHETIC — integrated V2 (fixed),operations_field_updates_synthetic.csv,35
35,7100DDD7-D1CB-5B11-9027-9B012201D5D8,2024-09-27 00:00:00.000,HARVEST,2024-09-21 00:00:00.000,2024-09-21 00:00:00.000,COMPLETED,0.0,PAPER,SYNTHETIC — integrated V2 (fixed),operations_field_updates_synthetic.csv,36
36,60D2A017-6078-54DC-970E-B9BD09011378,2025-05-02 00:00:00.000,SOWING,2025-04-28 00:00:00.000,2025-04-28 00:00:00.000,COMPLETED,0.0,PAPER,SYNTHETIC — integrated V2 (fixed),operations_field_updates_synthetic.csv,37
37,60D2A017-6078-54DC-970E-B9BD09011378,2025-06-03 00:00:00.000,FERTILISATION,2025-05-28 00:00:00.000,2025-05-28 00:00:00.000,COMPLETED,0.0,FIELD_APP,SYNTHETIC — integrated V2 (fixed),operations_field_updates_synthetic.csv,38
38,60D2A017-6078-54DC-970E-B9BD09011378,2025-06-27 00:00:00.000,IRRIGATION,2025-06-22 00:00:00.000,2025-06-22 00:00:00.000,COMPLETED,0.0,PAPER,SYNTHETIC — integrated V2 (fixed),operations_field_updates_synthetic.csv,39
39,60D2A017-6078-54DC-970E-B9BD09011378,2025-07-12 00:00:00.000,FUNGICIDE_SPRAY,2025-07-07 00:00:00.000,2025-07-07 00:00:00.000,COMPLETED,0.0,FIELD_APP,SYNTHETIC — integrated V2 (fixed),operations_field_updates_synthetic.csv,40
40,60D2A017-6078-54DC-970E-B9BD09011378,2025-09-26 00:00:00.000,HARVEST,2025-09-20 00:00:00.000,2025-09-20 00:00:00.000,COMPLETED,0.0,FIELD_APP,SYNTHETIC — integrated V2 (fixed),operations_field_updates_synthetic.csv,41
41,C9F808BF-8ED0-57D3-ACB6-C412CFB89BA6,2026-04-25 00:00:00.000,SOWING,2026-04-21 00:00:00.000,2026-04-21 00:00:00.000,COMPLETED,0.0,PAPER,SYNTHETIC — integrated V2 (fixed),operations_field_updates_synthetic.csv,42
42,C9F808BF-8ED0-57D3-ACB6-C412CFB89BA6,2026-05-27 00:00:00.000,FERTILISATION,2026-05-21 00:00:00.000,2026-05-21 00:00:00.000,COMPLETED,0.0,PAPER,SYNTHETIC — integrated V2 (fixed),operations_field_updates_synthetic.csv,43
43,C9F808BF-8ED0-57D3-ACB6-C412CFB89BA6,2026-06-20 00:00:00.000,IRRIGATION,2026-06-15 00:00:00.000,2026-06-15 00:00:00.000,COMPLETED,0.0,EXCEL,SYNTHETIC — integrated V2 (fixed),operations_field_updates_synthetic.csv,44
44,C9F808BF-8ED0-57D3-ACB6-C412CFB89BA6,2026-07-05 00:00:00.000,FUNGICIDE_SPRAY,2026-06-30 00:00:00.000,2026-06-30 00:00:00.000,COMPLETED,0.0,EXCEL,SYNTHETIC — integrated V2 (fixed),operations_field_updates_synthetic.csv,45
45,C9F808BF-8ED0-57D3-ACB6-C412CFB89BA6,2026-09-18 00:00:00.000,HARVEST,2026-09-13 00:00:00.000,2026-09-13 00:00:00.000,COMPLETED,0.0,FIELD_APP,SYNTHETIC — integrated V2 (fixed),operations_field_updates_synthetic.csv,46
46,59516335-5A7B-5760-967C-AAEB1AAA62CF,2024-04-29 00:00:00.000,SOWING,2024-04-24 00:00:00.000,2024-04-24 00:00:00.000,COMPLETED,0.0,FIELD_APP,SYNTHETIC — integrated V2 (fixed),operations_field_updates_synthetic.csv,47
47,59516335-5A7B-5760-967C-AAEB1AAA62CF,2024-05-27 00:00:00.000,FERTILISATION,2024-05-24 00:00:00.000,2024-05-24 00:00:00.000,COMPLETED,0.0,EXCEL,SYNTHETIC — integrated V2 (fixed),operations_field_updates_synthetic.csv,48
48,59516335-5A7B-5760-967C-AAEB1AAA62CF,2024-06-21 00:00:00.000,IRRIGATION,2024-06-18 00:00:00.000,2024-06-18 00:00:00.000,COMPLETED,0.0,PAPER,SYNTHETIC — integrated V2 (fixed),operations_field_updates_synthetic.csv,49
49,59516335-5A7B-5760-967C-AAEB1AAA62CF,2024-07-08 00:00:00.000,FUNGICIDE_SPRAY,2024-07-03 00:00:00.000,2024-07-03 00:00:00.000,COMPLETED,0.0,EXCEL,SYNTHETIC — integrated V2 (fixed),operations_field_updates_synthetic.csv,50
50,59516335-5A7B-5760-967C-AAEB1AAA62CF,2024-09-21 00:00:00.000,HARVEST,2024-09-16 00:00:00.000,2024-09-16 00:00:00.000,COMPLETED,0.0,FIELD_APP,SYNTHETIC — integrated V2 (fixed),operations_field_updates_synthetic.csv,51
51,912BA489-B0BE-5C3B-9612-3D57AD4ED0FF,2025-05-06 00:00:00.000,SOWING,2025-04-30 00:00:00.000,2025-04-30 00:00:00.000,COMPLETED,0.0,FIELD_APP,SYNTHETIC — integrated V2 (fixed),operations_field_updates_synthetic.csv,52
52,912BA489-B0BE-5C3B-9612-3D57AD4ED0FF,2025-06-02 00:00:00.000,FERTILISATION,2025-05-30 00:00:00.000,2025-05-30 00:00:00.000,COMPLETED,0.0,FIELD_APP,SYNTHETIC — integrated V2 (fixed),operations_field_updates_synthetic.csv,53
53,912BA489-B0BE-5C3B-9612-3D57AD4ED0FF,2025-06-27 00:00:00.000,IRRIGATION,2025-06-24 00:00:00.000,2025-06-24 00:00:00.000,COMPLETED,0.0,EXCEL,SYNTHETIC — integrated V2 (fixed),operations_field_updates_synthetic.csv,54
54,912BA489-B0BE-5C3B-9612-3D57AD4ED0FF,2025-07-12 00:00:00.000,FUNGICIDE_SPRAY,2025-07-09 00:00:00.000,2025-07-09 00:00:00.000,COMPLETED,0.0,EXCEL,SYNTHETIC — integrated V2 (fixed),operations_field_updates_synthetic.csv,55
55,912BA489-B0BE-5C3B-9612-3D57AD4ED0FF,2025-09-28 00:00:00.000,HARVEST,2025-09-22 00:00:00.000,2025-09-22 00:00:00.000,COMPLETED,0.0,EXCEL,SYNTHETIC — integrated V2 (fixed),operations_field_updates_synthetic.csv,56
56,9076AA7B-C05F-5347-8B83-C01A2F86EC5D,2026-04-28 00:00:00.000,SOWING,2026-04-22 00:00:00.000,2026-04-22 00:00:00.000,COMPLETED,0.0,EXCEL,SYNTHETIC — integrated V2 (fixed),operations_field_updates_synthetic.csv,57
57,9076AA7B-C05F-5347-8B83-C01A2F86EC5D,2026-05-26 00:00:00.000,FERTILISATION,2026-05-22 00:00:00.000,2026-05-22 00:00:00.000,COMPLETED,0.0,FIELD_APP,SYNTHETIC — integrated V2 (fixed),operations_field_updates_synthetic.csv,58
58,9076AA7B-C05F-5347-8B83-C01A2F86EC5D,2026-06-20 00:00:00.000,IRRIGATION,2026-06-16 00:00:00.000,2026-06-16 00:00:00.000,COMPLETED,0.0,EXCEL,SYNTHETIC — integrated V2 (fixed),operations_field_updates_synthetic.csv,59
59,9076AA7B-C05F-5347-8B83-C01A2F86EC5D,2026-07-05 00:00:00.000,FUNGICIDE_SPRAY,2026-07-01 00:00:00.000,2026-07-01 00:00:00.000,COMPLETED,0.0,FIELD_APP,SYNTHETIC — integrated V2 (fixed),operations_field_updates_synthetic.csv,60
60,9076AA7B-C05F-5347-8B83-C01A2F86EC5D,2026-09-19 00:00:00.000,HARVEST,2026-09-14 00:00:00.000,2026-09-14 00:00:00.000,COMPLETED,0.0,PAPER,SYNTHETIC — integrated V2 (fixed),operations_field_updates_synthetic.csv,61
61,FA6BB8BE-5882-52CC-8AC1-B7401C3810E5,2024-04-29 00:00:00.000,SOWING,2024-04-26 00:00:00.000,2024-04-26 00:00:00.000,COMPLETED,0.0,PAPER,SYNTHETIC — integrated V2 (fixed),operations_field_updates_synthetic.csv,62
62,FA6BB8BE-5882-52CC-8AC1-B7401C3810E5,2024-06-01 00:00:00.000,FERTILISATION,2024-05-26 00:00:00.000,2024-05-26 00:00:00.000,COMPLETED,0.0,FIELD_APP,SYNTHETIC — integrated V2 (fixed),operations_field_updates_synthetic.csv,63
63,FA6BB8BE-5882-52CC-8AC1-B7401C3810E5,2024-06-26 00:00:00.000,IRRIGATION,2024-06-20 00:00:00.000,2024-06-20 00:00:00.000,COMPLETED,0.0,FIELD_APP,SYNTHETIC — integrated V2 (fixed),operations_field_updates_synthetic.csv,64
64,FA6BB8BE-5882-52CC-8AC1-B7401C3810E5,2024-07-08 00:00:00.000,FUNGICIDE_SPRAY,2024-07-05 00:00:00.000,2024-07-05 00:00:00.000,COMPLETED,0.0,FIELD_APP,SYNTHETIC — integrated V2 (fixed),operations_field_updates_synthetic.csv,65
65,FA6BB8BE-5882-52CC-8AC1-B7401C3810E5,2024-09-23 00:00:00.000,HARVEST,2024-09-18 00:00:00.000,2024-09-18 00:00:00.000,COMPLETED,0.0,PAPER,SYNTHETIC — integrated V2 (fixed),operations_field_updates_synthetic.csv,66
66,D764AAD0-DCF4-5779-84EE-20BEDF7C5D2C,2025-05-04 00:00:00.000,SOWING,2025-04-28 00:00:00.000,2025-04-28 00:00:00.000,COMPLETED,0.0,FIELD_APP,SYNTHETIC — integrated V2 (fixed),operations_field_updates_synthetic.csv,67
67,D764AAD0-DCF4-5779-84EE-20BEDF7C5D2C,2025-05-31 00:00:00.000,FERTILISATION,2025-05-28 00:00:00.000,2025-05-28 00:00:00.000,COMPLETED,0.0,EXCEL,SYNTHETIC — integrated V2 (fixed),operations_field_updates_synthetic.csv,68
68,D764AAD0-DCF4-5779-84EE-20BEDF7C5D2C,2025-06-27 00:00:00.000,IRRIGATION,2025-06-22 00:00:00.000,2025-06-22 00:00:00.000,COMPLETED,0.0,PAPER,SYNTHETIC — integrated V2 (fixed),operations_field_updates_synthetic.csv,69
69,D764AAD0-DCF4-5779-84EE-20BEDF7C5D2C,2025-07-13 00:00:00.000,FUNGICIDE_SPRAY,2025-07-07 00:00:00.000,2025-07-07 00:00:00.000,COMPLETED,0.0,FIELD_APP,SYNTHETIC — integrated V2 (fixed),operations_field_updates_synthetic.csv,70
70,D764AAD0-DCF4-5779-84EE-20BEDF7C5D2C,2025-09-25 00:00:00.000,HARVEST,2025-09-20 00:00:00.000,2025-09-20 00:00:00.000,COMPLETED,0.0,EXCEL,SYNTHETIC — integrated V2 (fixed),operations_field_updates_synthetic.csv,71
71,6EE5A930-AD2A-59C4-903E-E918D859CB71,2026-05-10 00:00:00.000,SOWING,2026-05-07 00:00:00.000,2026-05-07 00:00:00.000,COMPLETED,0.0,EXCEL,SYNTHETIC — integrated V2 (fixed),operations_field_updates_synthetic.csv,72
72,6EE5A930-AD2A-59C4-903E-E918D859CB71,2026-06-09 00:00:00.000,FERTILISATION,2026-06-06 00:00:00.000,2026-06-06 00:00:00.000,COMPLETED,0.0,PAPER,SYNTHETIC — integrated V2 (fixed),operations_field_updates_synthetic.csv,73
73,6EE5A930-AD2A-59C4-903E-E918D859CB71,2026-07-05 00:00:00.000,IRRIGATION,2026-07-01 00:00:00.000,2026-07-01 00:00:00.000,COMPLETED,0.0,EXCEL,SYNTHETIC — integrated V2 (fixed),operations_field_updates_synthetic.csv,74
74,6EE5A930-AD2A-59C4-903E-E918D859CB71,2026-07-19 00:00:00.000,FUNGICIDE_SPRAY,2026-07-16 00:00:00.000,2026-07-16 00:00:00.000,COMPLETED,0.0,PAPER,SYNTHETIC — integrated V2 (fixed),operations_field_updates_synthetic.csv,75
75,6EE5A930-AD2A-59C4-903E-E918D859CB71,2026-10-03 00:00:00.000,HARVEST,2026-09-29 00:00:00.000,2026-09-29 00:00:00.000,COMPLETED,0.0,FIELD_APP,SYNTHETIC — integrated V2 (fixed),operations_field_updates_synthetic.csv,76
76,F6AEB69F-4AD4-5A03-BE25-A1C0635430C3,2024-05-07 00:00:00.000,SOWING,2024-05-02 00:00:00.000,2024-05-02 00:00:00.000,COMPLETED,0.0,FIELD_APP,SYNTHETIC — integrated V2 (fixed),operations_field_updates_synthetic.csv,77
77,F6AEB69F-4AD4-5A03-BE25-A1C0635430C3,2024-06-07 00:00:00.000,FERTILISATION,2024-06-01 00:00:00.000,2024-06-01 00:00:00.000,COMPLETED,0.0,FIELD_APP,SYNTHETIC — integrated V2 (fixed),operations_field_updates_synthetic.csv,78
78,F6AEB69F-4AD4-5A03-BE25-A1C0635430C3,2024-06-29 00:00:00.000,IRRIGATION,2024-06-26 00:00:00.000,2024-06-26 00:00:00.000,COMPLETED,0.0,PAPER,SYNTHETIC — integrated V2 (fixed),operations_field_updates_synthetic.csv,79
79,F6AEB69F-4AD4-5A03-BE25-A1C0635430C3,2024-07-17 00:00:00.000,FUNGICIDE_SPRAY,2024-07-11 00:00:00.000,2024-07-11 00:00:00.000,COMPLETED,0.0,EXCEL,SYNTHETIC — integrated V2 (fixed),operations_field_updates_synthetic.csv,80
80,F6AEB69F-4AD4-5A03-BE25-A1C0635430C3,2024-09-29 00:00:00.000,HARVEST,2024-09-24 00:00:00.000,2024-09-24 00:00:00.000,COMPLETED,0.0,EXCEL,SYNTHETIC — integrated V2 (fixed),operations_field_updates_synthetic.csv,81
81,29920BE2-CFDA-5DA9-9E11-BBE41F894D1C,2025-05-11 00:00:00.000,SOWING,2025-05-06 00:00:00.000,2025-05-06 00:00:00.000,COMPLETED,0.0,PAPER,SYNTHETIC — integrated V2 (fixed),operations_field_updates_synthetic.csv,82
82,29920BE2-CFDA-5DA9-9E11-BBE41F894D1C,2025-06-08 00:00:00.000,FERTILISATION,2025-06-05 00:00:00.000,2025-06-05 00:00:00.000,COMPLETED,0.0,EXCEL,SYNTHETIC — integrated V2 (fixed),operations_field_updates_synthetic.csv,83
83,29920BE2-CFDA-5DA9-9E11-BBE41F894D1C,2025-07-05 00:00:00.000,IRRIGATION,2025-06-30 00:00:00.000,2025-06-30 00:00:00.000,COMPLETED,0.0,EXCEL,SYNTHETIC — integrated V2 (fixed),operations_field_updates_synthetic.csv,84
84,29920BE2-CFDA-5DA9-9E11-BBE41F894D1C,2025-07-19 00:00:00.000,FUNGICIDE_SPRAY,2025-07-15 00:00:00.000,2025-07-15 00:00:00.000,COMPLETED,0.0,PAPER,SYNTHETIC — integrated V2 (fixed),operations_field_updates_synthetic.csv,85
85,29920BE2-CFDA-5DA9-9E11-BBE41F894D1C,2025-10-03 00:00:00.000,HARVEST,2025-09-28 00:00:00.000,2025-09-28 00:00:00.000,COMPLETED,0.0,FIELD_APP,SYNTHETIC — integrated V2 (fixed),operations_field_updates_synthetic.csv,86
86,9AF3C456-9DCC-56FF-8CF9-91F1F095D306,2026-04-26 00:00:00.000,SOWING,2026-04-21 00:00:00.000,2026-04-21 00:00:00.000,COMPLETED,0.0,FIELD_APP,SYNTHETIC — integrated V2 (fixed),operations_field_updates_synthetic.csv,87
87,9AF3C456-9DCC-56FF-8CF9-91F1F095D306,2026-05-27 00:00:00.000,FERTILISATION,2026-05-21 00:00:00.000,2026-05-21 00:00:00.000,COMPLETED,0.0,PAPER,SYNTHETIC — integrated V2 (fixed),operations_field_updates_synthetic.csv,88
88,9AF3C456-9DCC-56FF-8CF9-91F1F095D306,2026-06-21 00:00:00.000,IRRIGATION,2026-06-15 00:00:00.000,2026-06-15 00:00:00.000,COMPLETED,0.0,PAPER,SYNTHETIC — integrated V2 (fixed),operations_field_updates_synthetic.csv,89
89,9AF3C456-9DCC-56FF-8CF9-91F1F095D306,2026-07-04 00:00:00.000,FUNGICIDE_SPRAY,2026-06-30 00:00:00.000,2026-06-30 00:00:00.000,COMPLETED,0.0,FIELD_APP,SYNTHETIC — integrated V2 (fixed),operations_field_updates_synthetic.csv,90
90,9AF3C456-9DCC-56FF-8CF9-91F1F095D306,2026-09-18 00:00:00.000,HARVEST,2026-09-13 00:00:00.000,2026-09-13 00:00:00.000,COMPLETED,0.0,EXCEL,SYNTHETIC — integrated V2 (fixed),operations_field_updates_synthetic.csv,91
91,5F3FA618-6804-5BF6-ABEE-3EB4F4986E80,2024-04-30 00:00:00.000,SOWING,2024-04-27 00:00:00.000,2024-04-27 00:00:00.000,COMPLETED,0.0,PAPER,SYNTHETIC — integrated V2 (fixed),operations_field_updates_synthetic.csv,92
92,5F3FA618-6804-5BF6-ABEE-3EB4F4986E80,2024-06-01 00:00:00.000,FERTILISATION,2024-05-27 00:00:00.000,2024-05-27 00:00:00.000,COMPLETED,0.0,FIELD_APP,SYNTHETIC — integrated V2 (fixed),operations_field_updates_synthetic.csv,93
93,5F3FA618-6804-5BF6-ABEE-3EB4F4986E80,2024-06-24 00:00:00.000,IRRIGATION,2024-06-21 00:00:00.000,2024-06-21 00:00:00.000,COMPLETED,0.0,PAPER,SYNTHETIC — integrated V2 (fixed),operations_field_updates_synthetic.csv,94
94,5F3FA618-6804-5BF6-ABEE-3EB4F4986E80,2024-07-12 00:00:00.000,FUNGICIDE_SPRAY,2024-07-06 00:00:00.000,2024-07-06 00:00:00.000,COMPLETED,0.0,PAPER,SYNTHETIC — integrated V2 (fixed),operations_field_updates_synthetic.csv,95
95,5F3FA618-6804-5BF6-ABEE-3EB4F4986E80,2024-09-24 00:00:00.000,HARVEST,2024-09-19 00:00:00.000,2024-09-19 00:00:00.000,COMPLETED,0.0,EXCEL,SYNTHETIC — integrated V2 (fixed),operations_field_updates_synthetic.csv,96
96,2572BF96-CA50-5EC3-91AD-F909019F4756,2025-04-30 00:00:00.000,SOWING,2025-04-25 00:00:00.000,2025-04-25 00:00:00.000,COMPLETED,0.0,FIELD_APP,SYNTHETIC — integrated V2 (fixed),operations_field_updates_synthetic.csv,97
97,2572BF96-CA50-5EC3-91AD-F909019F4756,2025-05-31 00:00:00.000,FERTILISATION,2025-05-25 00:00:00.000,2025-05-25 00:00:00.000,COMPLETED,0.0,PAPER,SYNTHETIC — integrated V2 (fixed),operations_field_updates_synthetic.csv,98
98,2572BF96-CA50-5EC3-91AD-F909019F4756,2025-06-24 00:00:00.000,IRRIGATION,2025-06-19 00:00:00.000,2025-06-19 00:00:00.000,COMPLETED,0.0,FIELD_APP,SYNTHETIC — integrated V2 (fixed),operations_field_updates_synthetic.csv,99
99,2572BF96-CA50-5EC3-91AD-F909019F4756,2025-07-10 00:00:00.000,FUNGICIDE_SPRAY,2025-07-04 00:00:00.000,2025-07-04 00:00:00.000,COMPLETED,0.0,FIELD_APP,SYNTHETIC — integrated V2 (fixed),operations_field_updates_synthetic.csv,100
100,2572BF96-CA50-5EC3-91AD-F909019F4756,2025-10-03 00:00:00.000,HARVEST,2025-09-17 00:00:00.000,2025-10-01 00:00:00.000,DELAYED,14.0,PDF_REPORT,SYNTHETIC — integrated V2 (fixed); Harvest late due to rain,operations_field_updates_synthetic.csv,101
101,CE45D0E9-51DC-5B0D-9968-D90BC77256FA,2026-05-09 00:00:00.000,SOWING,2026-05-04 00:00:00.000,2026-05-04 00:00:00.000,COMPLETED,0.0,FIELD_APP,SYNTHETIC — integrated V2 (fixed),operations_field_updates_synthetic.csv,102
102,CE45D0E9-51DC-5B0D-9968-D90BC77256FA,2026-06-06 00:00:00.000,FERTILISATION,2026-06-03 00:00:00.000,2026-06-03 00:00:00.000,COMPLETED,0.0,EXCEL,SYNTHETIC — integrated V2 (fixed),operations_field_updates_synthetic.csv,103
103,CE45D0E9-51DC-5B0D-9968-D90BC77256FA,2026-07-02 00:00:00.000,IRRIGATION,2026-06-28 00:00:00.000,2026-06-28 00:00:00.000,COMPLETED,0.0,EXCEL,SYNTHETIC — integrated V2 (fixed),operations_field_updates_synthetic.csv,104
104,CE45D0E9-51DC-5B0D-9968-D90BC77256FA,2026-07-19 00:00:00.000,FUNGICIDE_SPRAY,2026-07-13 00:00:00.000,2026-07-13 00:00:00.000,COMPLETED,0.0,FIELD_APP,SYNTHETIC — integrated V2 (fixed),operations_field_updates_synthetic.csv,105
105,CE45D0E9-51DC-5B0D-9968-D90BC77256FA,2026-09-30 00:00:00.000,HARVEST,2026-09-26 00:00:00.000,2026-09-26 00:00:00.000,COMPLETED,0.0,PAPER,SYNTHETIC — integrated V2 (fixed),operations_field_updates_synthetic.csv,106
106,8EAEF18F-8687-5D3B-8545-7C12C86FBA58,2024-05-02 00:00:00.000,SOWING,2024-04-26 00:00:00.000,2024-04-26 00:00:00.000,COMPLETED,0.0,FIELD_APP,SYNTHETIC — integrated V2 (fixed),operations_field_updates_synthetic.csv,107
107,8EAEF18F-8687-5D3B-8545-7C12C86FBA58,2024-05-31 00:00:00.000,FERTILISATION,2024-05-26 00:00:00.000,2024-05-26 00:00:00.000,COMPLETED,0.0,FIELD_APP,SYNTHETIC — integrated V2 (fixed),operations_field_updates_synthetic.csv,108
108,8EAEF18F-8687-5D3B-8545-7C12C86FBA58,2024-06-23 00:00:00.000,IRRIGATION,2024-06-20 00:00:00.000,,MISSED,,WHATSAPP,"SYNTHETIC — integrated V2 (fixed); Pump failure, irrigation not applied during flowering",operations_field_updates_synthetic.csv,109
109,8EAEF18F-8687-5D3B-8545-7C12C86FBA58,2024-07-09 00:00:00.000,FUNGICIDE_SPRAY,2024-07-05 00:00:00.000,2024-07-05 00:00:00.000,COMPLETED,0.0,EXCEL,SYNTHETIC — integrated V2 (fixed),operations_field_updates_synthetic.csv,110
110,8EAEF18F-8687-5D3B-8545-7C12C86FBA58,2024-09-23 00:00:00.000,HARVEST,2024-09-18 00:00:00.000,2024-09-18 00:00:00.000,COMPLETED,0.0,PAPER,SYNTHETIC — integrated V2 (fixed),operations_field_updates_synthetic.csv,111
111,9D4BE0BD-6683-543D-916B-FC90533AB0FE,2025-05-04 00:00:00.000,SOWING,2025-04-28 00:00:00.000,2025-04-28 00:00:00.000,COMPLETED,0.0,PAPER,SYNTHETIC — integrated V2 (fixed),operations_field_updates_synthetic.csv,112
112,9D4BE0BD-6683-543D-916B-FC90533AB0FE,2025-05-31 00:00:00.000,FERTILISATION,2025-05-28 00:00:00.000,2025-05-28 00:00:00.000,COMPLETED,0.0,EXCEL,SYNTHETIC — integrated V2 (fixed),operations_field_updates_synthetic.csv,113
113,9D4BE0BD-6683-543D-916B-FC90533AB0FE,2025-06-28 00:00:00.000,IRRIGATION,2025-06-22 00:00:00.000,2025-06-22 00:00:00.000,COMPLETED,0.0,FIELD_APP,SYNTHETIC — integrated V2 (fixed),operations_field_updates_synthetic.csv,114
114,9D4BE0BD-6683-543D-916B-FC90533AB0FE,2025-07-13 00:00:00.000,FUNGICIDE_SPRAY,2025-07-07 00:00:00.000,2025-07-07 00:00:00.000,COMPLETED,0.0,EXCEL,SYNTHETIC — integrated V2 (fixed),operations_field_updates_synthetic.csv,115
115,9D4BE0BD-6683-543D-916B-FC90533AB0FE,2025-09-25 00:00:00.000,HARVEST,2025-09-20 00:00:00.000,2025-09-20 00:00:00.000,COMPLETED,0.0,EXCEL,SYNTHETIC — integrated V2 (fixed),operations_field_updates_synthetic.csv,116
116,C502B8E6-68B3-5E91-B914-052755B5D2B2,2026-05-12 00:00:00.000,SOWING,2026-05-07 00:00:00.000,2026-05-07 00:00:00.000,COMPLETED,0.0,EXCEL,SYNTHETIC — integrated V2 (fixed),operations_field_updates_synthetic.csv,117
117,C502B8E6-68B3-5E91-B914-052755B5D2B2,2026-06-09 00:00:00.000,FERTILISATION,2026-06-06 00:00:00.000,2026-06-06 00:00:00.000,COMPLETED,0.0,PAPER,SYNTHETIC — integrated V2 (fixed),operations_field_updates_synthetic.csv,118
118,C502B8E6-68B3-5E91-B914-052755B5D2B2,2026-07-07 00:00:00.000,IRRIGATION,2026-07-01 00:00:00.000,2026-07-01 00:00:00.000,COMPLETED,0.0,FIELD_APP,SYNTHETIC — integrated V2 (fixed),operations_field_updates_synthetic.csv,119
119,C502B8E6-68B3-5E91-B914-052755B5D2B2,2026-07-22 00:00:00.000,FUNGICIDE_SPRAY,2026-07-16 00:00:00.000,2026-07-16 00:00:00.000,COMPLETED,0.0,PAPER,SYNTHETIC — integrated V2 (fixed),operations_field_updates_synthetic.csv,120
120,C502B8E6-68B3-5E91-B914-052755B5D2B2,2026-10-02 00:00:00.000,HARVEST,2026-09-29 00:00:00.000,2026-09-29 00:00:00.000,COMPLETED,0.0,PAPER,SYNTHETIC — integrated V2 (fixed),operations_field_updates_synthetic.csv,121
121,6ED57FA0-3EFA-5311-89BE-AFBE71BEC003,2024-05-16 00:00:00.000,SOWING,2024-05-10 00:00:00.000,2024-05-10 00:00:00.000,COMPLETED,0.0,FIELD_APP,SYNTHETIC — integrated V2 (fixed),operations_field_updates_synthetic.csv,122
122,6ED57FA0-3EFA-5311-89BE-AFBE71BEC003,2024-06-14 00:00:00.000,FERTILISATION,2024-06-09 00:00:00.000,2024-06-09 00:00:00.000,COMPLETED,0.0,PAPER,SYNTHETIC — integrated V2 (fixed),operations_field_updates_synthetic.csv,123
123,6ED57FA0-3EFA-5311-89BE-AFBE71BEC003,2024-07-09 00:00:00.000,IRRIGATION,2024-07-04 00:00:00.000,2024-07-04 00:00:00.000,COMPLETED,0.0,EXCEL,SYNTHETIC — integrated V2 (fixed),operations_field_updates_synthetic.csv,124
124,6ED57FA0-3EFA-5311-89BE-AFBE71BEC003,2024-07-24 00:00:00.000,FUNGICIDE_SPRAY,2024-07-19 00:00:00.000,2024-07-19 00:00:00.000,COMPLETED,0.0,EXCEL,SYNTHETIC — integrated V2 (fixed),operations_field_updates_synthetic.csv,125
125,6ED57FA0-3EFA-5311-89BE-AFBE71BEC003,2024-10-12 00:00:00.000,HARVEST,2024-10-02 00:00:00.000,2024-10-12 00:00:00.000,DELAYED,10.0,PDF_REPORT,SYNTHETIC — integrated V2 (fixed); Harvest late due to rain,operations_field_updates_synthetic.csv,126
126,49F69D93-FB23-580E-82BC-3F5EF62C9DB6,2025-05-13 00:00:00.000,SOWING,2025-05-10 00:00:00.000,2025-05-10 00:00:00.000,COMPLETED,0.0,PAPER,SYNTHETIC — integrated V2 (fixed),operations_field_updates_synthetic.csv,127
127,49F69D93-FB23-580E-82BC-3F5EF62C9DB6,2025-06-13 00:00:00.000,FERTILISATION,2025-06-09 00:00:00.000,2025-06-09 00:00:00.000,COMPLETED,0.0,EXCEL,SYNTHETIC — integrated V2 (fixed),operations_field_updates_synthetic.csv,128
128,49F69D93-FB23-580E-82BC-3F5EF62C9DB6,2025-07-10 00:00:00.000,IRRIGATION,2025-07-04 00:00:00.000,2025-07-04 00:00:00.000,COMPLETED,0.0,EXCEL,SYNTHETIC — integrated V2 (fixed),operations_field_updates_synthetic.csv,129
129,49F69D93-FB23-580E-82BC-3F5EF62C9DB6,2025-07-25 00:00:00.000,FUNGICIDE_SPRAY,2025-07-19 00:00:00.000,2025-07-19 00:00:00.000,COMPLETED,0.0,EXCEL,SYNTHETIC — integrated V2 (fixed),operations_field_updates_synthetic.csv,130
130,49F69D93-FB23-580E-82BC-3F5EF62C9DB6,2025-10-06 00:00:00.000,HARVEST,2025-10-02 00:00:00.000,2025-10-02 00:00:00.000,COMPLETED,0.0,FIELD_APP,SYNTHETIC — integrated V2 (fixed),operations_field_updates_synthetic.csv,131
131,E697071D-0957-5CF0-A5DE-6030D7229177,2026-05-12 00:00:00.000,SOWING,2026-05-07 00:00:00.000,2026-05-07 00:00:00.000,COMPLETED,0.0,PAPER,SYNTHETIC — integrated V2 (fixed),operations_field_updates_synthetic.csv,132
132,E697071D-0957-5CF0-A5DE-6030D7229177,2026-06-10 00:00:00.000,FERTILISATION,2026-06-06 00:00:00.000,2026-06-06 00:00:00.000,COMPLETED,0.0,PAPER,SYNTHETIC — integrated V2 (fixed),operations_field_updates_synthetic.csv,133
133,E697071D-0957-5CF0-A5DE-6030D7229177,2026-07-04 00:00:00.000,IRRIGATION,2026-07-01 00:00:00.000,2026-07-01 00:00:00.000,COMPLETED,0.0,PAPER,SYNTHETIC — integrated V2 (fixed),operations_field_updates_synthetic.csv,134
134,E697071D-0957-5CF0-A5DE-6030D7229177,2026-07-21 00:00:00.000,FUNGICIDE_SPRAY,2026-07-16 00:00:00.000,2026-07-16 00:00:00.000,COMPLETED,0.0,EXCEL,SYNTHETIC — integrated V2 (fixed),operations_field_updates_synthetic.csv,135
135,E697071D-0957-5CF0-A5DE-6030D7229177,2026-10-03 00:00:00.000,HARVEST,2026-09-29 00:00:00.000,2026-09-29 00:00:00.000,COMPLETED,0.0,EXCEL,SYNTHETIC — integrated V2 (fixed),operations_field_updates_synthetic.csv,136
136,539F2A98-36A1-5B20-A5FC-59A9E18EFB44,2024-04-24 00:00:00.000,SOWING,2024-04-20 00:00:00.000,2024-04-20 00:00:00.000,COMPLETED,0.0,EXCEL,SYNTHETIC — integrated V2 (fixed),operations_field_updates_synthetic.csv,137
137,539F2A98-36A1-5B20-A5FC-59A9E18EFB44,2024-05-24 00:00:00.000,FERTILISATION,2024-05-20 00:00:00.000,2024-05-20 00:00:00.000,COMPLETED,0.0,EXCEL,SYNTHETIC — integrated V2 (fixed),operations_field_updates_synthetic.csv,138
138,539F2A98-36A1-5B20-A5FC-59A9E18EFB44,2024-06-17 00:00:00.000,IRRIGATION,2024-06-14 00:00:00.000,2024-06-14 00:00:00.000,COMPLETED,0.0,PAPER,SYNTHETIC — integrated V2 (fixed),operations_field_updates_synthetic.csv,139
139,539F2A98-36A1-5B20-A5FC-59A9E18EFB44,2024-07-02 00:00:00.000,FUNGICIDE_SPRAY,2024-06-29 00:00:00.000,2024-06-29 00:00:00.000,COMPLETED,0.0,PAPER,SYNTHETIC — integrated V2 (fixed),operations_field_updates_synthetic.csv,140
140,539F2A98-36A1-5B20-A5FC-59A9E18EFB44,2024-09-16 00:00:00.000,HARVEST,2024-09-12 00:00:00.000,2024-09-12 00:00:00.000,COMPLETED,0.0,EXCEL,SYNTHETIC — integrated V2 (fixed),operations_field_updates_synthetic.csv,141
141,475B8513-A92E-5538-9BD5-FA9A71E4664D,2025-05-12 00:00:00.000,SOWING,2025-05-06 00:00:00.000,2025-05-06 00:00:00.000,COMPLETED,0.0,EXCEL,SYNTHETIC — integrated V2 (fixed),operations_field_updates_synthetic.csv,142
142,475B8513-A92E-5538-9BD5-FA9A71E4664D,2025-06-10 00:00:00.000,FERTILISATION,2025-06-05 00:00:00.000,2025-06-05 00:00:00.000,COMPLETED,0.0,PAPER,SYNTHETIC — integrated V2 (fixed),operations_field_updates_synthetic.csv,143
143,475B8513-A92E-5538-9BD5-FA9A71E4664D,2025-07-05 00:00:00.000,IRRIGATION,2025-06-30 00:00:00.000,2025-06-30 00:00:00.000,COMPLETED,0.0,EXCEL,SYNTHETIC — integrated V2 (fixed),operations_field_updates_synthetic.csv,144
144,475B8513-A92E-5538-9BD5-FA9A71E4664D,2025-07-21 00:00:00.000,FUNGICIDE_SPRAY,2025-07-15 00:00:00.000,2025-07-15 00:00:00.000,COMPLETED,0.0,EXCEL,SYNTHETIC — integrated V2 (fixed),operations_field_updates_synthetic.csv,145
145,475B8513-A92E-5538-9BD5-FA9A71E4664D,2025-10-12 00:00:00.000,HARVEST,2025-09-28 00:00:00.000,2025-10-09 00:00:00.000,DELAYED,11.0,PDF_REPORT,SYNTHETIC — integrated V2 (fixed); Harvest late due to rain,operations_field_updates_synthetic.csv,146
146,602002CA-9CC3-5B4B-A454-3D864498B5D2,2026-04-25 00:00:00.000,SOWING,2026-04-20 00:00:00.000,2026-04-20 00:00:00.000,COMPLETED,0.0,EXCEL,SYNTHETIC — integrated V2 (fixed),operations_field_updates_synthetic.csv,147
147,602002CA-9CC3-5B4B-A454-3D864498B5D2,2026-05-24 00:00:00.000,FERTILISATION,2026-05-20 00:00:00.000,2026-05-20 00:00:00.000,COMPLETED,0.0,EXCEL,SYNTHETIC — integrated V2 (fixed),operations_field_updates_synthetic.csv,148
148,602002CA-9CC3-5B4B-A454-3D864498B5D2,2026-06-17 00:00:00.000,IRRIGATION,2026-06-14 00:00:00.000,2026-06-14 00:00:00.000,COMPLETED,0.0,PAPER,SYNTHETIC — integrated V2 (fixed),operations_field_updates_synthetic.csv,149
149,602002CA-9CC3-5B4B-A454-3D864498B5D2,2026-07-09 00:00:00.000,FUNGICIDE_SPRAY,2026-06-29 00:00:00.000,2026-07-07 00:00:00.000,DELAYED,8.0,WHATSAPP,SYNTHETIC — integrated V2 (fixed); Spray late: wet field / product stock-out,operations_field_updates_synthetic.csv,150
150,602002CA-9CC3-5B4B-A454-3D864498B5D2,2026-09-18 00:00:00.000,HARVEST,2026-09-12 00:00:00.000,2026-09-12 00:00:00.000,COMPLETED,0.0,EXCEL,SYNTHETIC — integrated V2 (fixed),operations_field_updates_synthetic.csv,151
151,5D280FEA-B5D3-5CE0-8428-5E05F6891D48,2024-05-07 00:00:00.000,SOWING,2024-05-03 00:00:00.000,2024-05-03 00:00:00.000,COMPLETED,0.0,EXCEL,SYNTHETIC — integrated V2 (fixed),operations_field_updates_synthetic.csv,152
152,5D280FEA-B5D3-5CE0-8428-5E05F6891D48,2024-06-06 00:00:00.000,FERTILISATION,2024-06-02 00:00:00.000,2024-06-02 00:00:00.000,COMPLETED,0.0,PAPER,SYNTHETIC — integrated V2 (fixed),operations_field_updates_synthetic.csv,153
153,5D280FEA-B5D3-5CE0-8428-5E05F6891D48,2024-06-30 00:00:00.000,IRRIGATION,2024-06-27 00:00:00.000,2024-06-27 00:00:00.000,COMPLETED,0.0,PAPER,SYNTHETIC — integrated V2 (fixed),operations_field_updates_synthetic.csv,154
154,5D280FEA-B5D3-5CE0-8428-5E05F6891D48,2024-07-17 00:00:00.000,FUNGICIDE_SPRAY,2024-07-12 00:00:00.000,2024-07-12 00:00:00.000,COMPLETED,0.0,PAPER,SYNTHETIC — integrated V2 (fixed),operations_field_updates_synthetic.csv,155
155,5D280FEA-B5D3-5CE0-8428-5E05F6891D48,2024-10-11 00:00:00.000,HARVEST,2024-09-25 00:00:00.000,2024-10-09 00:00:00.000,DELAYED,14.0,PDF_REPORT,SYNTHETIC — integrated V2 (fixed); Harvest late due to rain,operations_field_updates_synthetic.csv,156
156,04169B56-C7BF-5C64-B4CA-AC7C65CB4EAE,2025-05-13 00:00:00.000,SOWING,2025-05-09 00:00:00.000,2025-05-09 00:00:00.000,COMPLETED,0.0,PAPER,SYNTHETIC — integrated V2 (fixed),operations_field_updates_synthetic.csv,157
157,04169B56-C7BF-5C64-B4CA-AC7C65CB4EAE,2025-06-14 00:00:00.000,FERTILISATION,2025-06-08 00:00:00.000,2025-06-08 00:00:00.000,COMPLETED,0.0,EXCEL,SYNTHETIC — integrated V2 (fixed),operations_field_updates_synthetic.csv,158
158,04169B56-C7BF-5C64-B4CA-AC7C65CB4EAE,2025-07-09 00:00:00.000,IRRIGATION,2025-07-03 00:00:00.000,2025-07-03 00:00:00.000,COMPLETED,0.0,FIELD_APP,SYNTHETIC — integrated V2 (fixed),operations_field_updates_synthetic.csv,159
159,04169B56-C7BF-5C64-B4CA-AC7C65CB4EAE,2025-07-24 00:00:00.000,FUNGICIDE_SPRAY,2025-07-18 00:00:00.000,2025-07-18 00:00:00.000,COMPLETED,0.0,PAPER,SYNTHETIC — integrated V2 (fixed),operations_field_updates_synthetic.csv,160
160,04169B56-C7BF-5C64-B4CA-AC7C65CB4EAE,2025-10-06 00:00:00.000,HARVEST,2025-10-01 00:00:00.000,2025-10-01 00:00:00.000,COMPLETED,0.0,EXCEL,SYNTHETIC — integrated V2 (fixed),operations_field_updates_synthetic.csv,161
161,40E1EA96-FF0E-53D5-9533-EE6A1FE78262,2026-04-30 00:00:00.000,SOWING,2026-04-26 00:00:00.000,2026-04-26 00:00:00.000,COMPLETED,0.0,FIELD_APP,SYNTHETIC — integrated V2 (fixed),operations_field_updates_synthetic.csv,162
162,40E1EA96-FF0E-53D5-9533-EE6A1FE78262,2026-05-30 00:00:00.000,FERTILISATION,2026-05-26 00:00:00.000,2026-05-26 00:00:00.000,COMPLETED,0.0,PAPER,SYNTHETIC — integrated V2 (fixed),operations_field_updates_synthetic.csv,163
163,40E1EA96-FF0E-53D5-9533-EE6A1FE78262,2026-06-25 00:00:00.000,IRRIGATION,2026-06-20 00:00:00.000,2026-06-20 00:00:00.000,COMPLETED,0.0,PAPER,SYNTHETIC — integrated V2 (fixed),operations_field_updates_synthetic.csv,164
164,40E1EA96-FF0E-53D5-9533-EE6A1FE78262,2026-07-10 00:00:00.000,FUNGICIDE_SPRAY,2026-07-05 00:00:00.000,2026-07-05 00:00:00.000,COMPLETED,0.0,PAPER,SYNTHETIC — integrated V2 (fixed),operations_field_updates_synthetic.csv,165
165,40E1EA96-FF0E-53D5-9533-EE6A1FE78262,2026-09-22 00:00:00.000,HARVEST,2026-09-18 00:00:00.000,2026-09-18 00:00:00.000,COMPLETED,0.0,EXCEL,SYNTHETIC — integrated V2 (fixed),operations_field_updates_synthetic.csv,166
166,D34BFEFA-B41D-5E70-8875-DF17A770002A,2024-05-10 00:00:00.000,SOWING,2024-05-04 00:00:00.000,2024-05-04 00:00:00.000,COMPLETED,0.0,FIELD_APP,SYNTHETIC — integrated V2 (fixed),operations_field_updates_synthetic.csv,167
167,D34BFEFA-B41D-5E70-8875-DF17A770002A,2024-06-06 00:00:00.000,FERTILISATION,2024-06-03 00:00:00.000,2024-06-03 00:00:00.000,COMPLETED,0.0,PAPER,SYNTHETIC — integrated V2 (fixed),operations_field_updates_synthetic.csv,168
168,D34BFEFA-B41D-5E70-8875-DF17A770002A,2024-07-04 00:00:00.000,IRRIGATION,2024-06-28 00:00:00.000,2024-06-28 00:00:00.000,COMPLETED,0.0,FIELD_APP,SYNTHETIC — integrated V2 (fixed),operations_field_updates_synthetic.csv,169
169,D34BFEFA-B41D-5E70-8875-DF17A770002A,2024-07-17 00:00:00.000,FUNGICIDE_SPRAY,2024-07-13 00:00:00.000,2024-07-13 00:00:00.000,COMPLETED,0.0,PAPER,SYNTHETIC — integrated V2 (fixed),operations_field_updates_synthetic.csv,170
170,D34BFEFA-B41D-5E70-8875-DF17A770002A,2024-09-29 00:00:00.000,HARVEST,2024-09-26 00:00:00.000,2024-09-26 00:00:00.000,COMPLETED,0.0,FIELD_APP,SYNTHETIC — integrated V2 (fixed),operations_field_updates_synthetic.csv,171
171,FC97C32B-9241-5C1F-BE21-541F96337B2B,2025-05-06 00:00:00.000,SOWING,2025-04-30 00:00:00.000,2025-04-30 00:00:00.000,COMPLETED,0.0,PAPER,SYNTHETIC — integrated V2 (fixed),operations_field_updates_synthetic.csv,172
172,FC97C32B-9241-5C1F-BE21-541F96337B2B,2025-06-04 00:00:00.000,FERTILISATION,2025-05-30 00:00:00.000,2025-05-30 00:00:00.000,COMPLETED,0.0,FIELD_APP,SYNTHETIC — integrated V2 (fixed),operations_field_updates_synthetic.csv,173
173,FC97C32B-9241-5C1F-BE21-541F96337B2B,2025-06-29 00:00:00.000,IRRIGATION,2025-06-24 00:00:00.000,2025-06-24 00:00:00.000,COMPLETED,0.0,PAPER,SYNTHETIC — integrated V2 (fixed),operations_field_updates_synthetic.csv,174
174,FC97C32B-9241-5C1F-BE21-541F96337B2B,2025-07-12 00:00:00.000,FUNGICIDE_SPRAY,2025-07-09 00:00:00.000,2025-07-09 00:00:00.000,COMPLETED,0.0,EXCEL,SYNTHETIC — integrated V2 (fixed),operations_field_updates_synthetic.csv,175
175,FC97C32B-9241-5C1F-BE21-541F96337B2B,2025-09-28 00:00:00.000,HARVEST,2025-09-22 00:00:00.000,2025-09-22 00:00:00.000,COMPLETED,0.0,PAPER,SYNTHETIC — integrated V2 (fixed),operations_field_updates_synthetic.csv,176
176,7AA8AA25-176E-51B7-90FA-7DE47AA1CAA8,2026-05-04 00:00:00.000,SOWING,2026-05-01 00:00:00.000,2026-05-01 00:00:00.000,COMPLETED,0.0,EXCEL,SYNTHETIC — integrated V2 (fixed),operations_field_updates_synthetic.csv,177
177,7AA8AA25-176E-51B7-90FA-7DE47AA1CAA8,2026-06-04 00:00:00.000,FERTILISATION,2026-05-31 00:00:00.000,2026-05-31 00:00:00.000,COMPLETED,0.0,PAPER,SYNTHETIC — integrated V2 (fixed),operations_field_updates_synthetic.csv,178
178,7AA8AA25-176E-51B7-90FA-7DE47AA1CAA8,2026-06-28 00:00:00.000,IRRIGATION,2026-06-25 00:00:00.000,2026-06-25 00:00:00.000,COMPLETED,0.0,PAPER,SYNTHETIC — integrated V2 (fixed),operations_field_updates_synthetic.csv,179
179,7AA8AA25-176E-51B7-90FA-7DE47AA1CAA8,2026-07-23 00:00:00.000,FUNGICIDE_SPRAY,2026-07-10 00:00:00.000,2026-07-20 00:00:00.000,DELAYED,10.0,WHATSAPP,SYNTHETIC — integrated V2 (fixed); Spray late: wet field / product stock-out,operations_field_updates_synthetic.csv,180
180,7AA8AA25-176E-51B7-90FA-7DE47AA1CAA8,2026-09-29 00:00:00.000,HARVEST,2026-09-23 00:00:00.000,2026-09-23 00:00:00.000,COMPLETED,0.0,FIELD_APP,SYNTHETIC — integrated V2 (fixed),operations_field_updates_synthetic.csv,181
181,2836129F-A5FA-5728-84C6-D06A4E94CC10,2024-05-01 00:00:00.000,SOWING,2024-04-28 00:00:00.000,2024-04-28 00:00:00.000,COMPLETED,0.0,PAPER,SYNTHETIC — integrated V2 (fixed),operations_field_updates_synthetic.csv,182
182,2836129F-A5FA-5728-84C6-D06A4E94CC10,2024-06-01 00:00:00.000,FERTILISATION,2024-05-28 00:00:00.000,2024-05-28 00:00:00.000,COMPLETED,0.0,EXCEL,SYNTHETIC — integrated V2 (fixed),operations_field_updates_synthetic.csv,183
183,2836129F-A5FA-5728-84C6-D06A4E94CC10,2024-06-27 00:00:00.000,IRRIGATION,2024-06-22 00:00:00.000,2024-06-22 00:00:00.000,COMPLETED,0.0,EXCEL,SYNTHETIC — integrated V2 (fixed),operations_field_updates_synthetic.csv,184
184,2836129F-A5FA-5728-84C6-D06A4E94CC10,2024-07-10 00:00:00.000,FUNGICIDE_SPRAY,2024-07-07 00:00:00.000,2024-07-07 00:00:00.000,COMPLETED,0.0,EXCEL,SYNTHETIC — integrated V2 (fixed),operations_field_updates_synthetic.csv,185
185,2836129F-A5FA-5728-84C6-D06A4E94CC10,2024-09-24 00:00:00.000,HARVEST,2024-09-20 00:00:00.000,2024-09-20 00:00:00.000,COMPLETED,0.0,EXCEL,SYNTHETIC — integrated V2 (fixed),operations_field_updates_synthetic.csv,186
186,AAFF39A2-4B13-5540-9C7C-80A1F2EBE1DA,2025-05-06 00:00:00.000,SOWING,2025-05-03 00:00:00.000,2025-05-03 00:00:00.000,COMPLETED,0.0,PAPER,SYNTHETIC — integrated V2 (fixed),operations_field_updates_synthetic.csv,187
187,AAFF39A2-4B13-5540-9C7C-80A1F2EBE1DA,2025-06-05 00:00:00.000,FERTILISATION,2025-06-02 00:00:00.000,2025-06-02 00:00:00.000,COMPLETED,0.0,FIELD_APP,SYNTHETIC — integrated V2 (fixed),operations_field_updates_synthetic.csv,188
188,AAFF39A2-4B13-5540-9C7C-80A1F2EBE1DA,2025-07-01 00:00:00.000,IRRIGATION,2025-06-27 00:00:00.000,2025-06-27 00:00:00.000,COMPLETED,0.0,PAPER,SYNTHETIC — integrated V2 (fixed),operations_field_updates_synthetic.csv,189
189,AAFF39A2-4B13-5540-9C7C-80A1F2EBE1DA,2025-07-16 00:00:00.000,FUNGICIDE_SPRAY,2025-07-12 00:00:00.000,2025-07-12 00:00:00.000,COMPLETED,0.0,FIELD_APP,SYNTHETIC — integrated V2 (fixed),operations_field_updates_synthetic.csv,190
190,AAFF39A2-4B13-5540-9C7C-80A1F2EBE1DA,2025-09-30 00:00:00.000,HARVEST,2025-09-25 00:00:00.000,2025-09-25 00:00:00.000,COMPLETED,0.0,PAPER,SYNTHETIC — integrated V2 (fixed),operations_field_updates_synthetic.csv,191
191,76075B50-19AE-5C64-911C-C18CF7526E6A,2026-05-03 00:00:00.000,SOWING,2026-04-28 00:00:00.000,2026-04-28 00:00:00.000,COMPLETED,0.0,PAPER,SYNTHETIC — integrated V2 (fixed),operations_field_updates_synthetic.csv,192
192,76075B50-19AE-5C64-911C-C18CF7526E6A,2026-05-31 00:00:00.000,FERTILISATION,2026-05-28 00:00:00.000,2026-05-28 00:00:00.000,COMPLETED,0.0,FIELD_APP,SYNTHETIC — integrated V2 (fixed),operations_field_updates_synthetic.csv,193
193,76075B50-19AE-5C64-911C-C18CF7526E6A,2026-06-26 00:00:00.000,IRRIGATION,2026-06-22 00:00:00.000,2026-06-22 00:00:00.000,COMPLETED,0.0,PAPER,SYNTHETIC — integrated V2 (fixed),operations_field_updates_synthetic.csv,194
194,76075B50-19AE-5C64-911C-C18CF7526E6A,2026-07-11 00:00:00.000,FUNGICIDE_SPRAY,2026-07-07 00:00:00.000,2026-07-07 00:00:00.000,COMPLETED,0.0,EXCEL,SYNTHETIC — integrated V2 (fixed),operations_field_updates_synthetic.csv,195
195,76075B50-19AE-5C64-911C-C18CF7526E6A,2026-09-23 00:00:00.000,HARVEST,2026-09-20 00:00:00.000,2026-09-20 00:00:00.000,COMPLETED,0.0,PAPER,SYNTHETIC — integrated V2 (fixed),operations_field_updates_synthetic.csv,196
196,B167C366-3F98-545F-BDEB-4EDCEEBB7702,2024-04-26 00:00:00.000,SOWING,2024-04-21 00:00:00.000,2024-04-21 00:00:00.000,COMPLETED,0.0,EXCEL,SYNTHETIC — integrated V2 (fixed),operations_field_updates_synthetic.csv,197
197,B167C366-3F98-545F-BDEB-4EDCEEBB7702,2024-05-26 00:00:00.000,FERTILISATION,2024-05-21 00:00:00.000,2024-05-21 00:00:00.000,COMPLETED,0.0,EXCEL,SYNTHETIC — integrated V2 (fixed),operations_field_updates_synthetic.csv,198
198,B167C366-3F98-545F-BDEB-4EDCEEBB7702,2024-06-21 00:00:00.000,IRRIGATION,2024-06-15 00:00:00.000,2024-06-15 00:00:00.000,COMPLETED,0.0,FIELD_APP,SYNTHETIC — integrated V2 (fixed),operations_field_updates_synthetic.csv,199
199,B167C366-3F98-545F-BDEB-4EDCEEBB7702,2024-07-03 00:00:00.000,FUNGICIDE_SPRAY,2024-06-30 00:00:00.000,2024-06-30 00:00:00.000,COMPLETED,0.0,PAPER,SYNTHETIC — integrated V2 (fixed),operations_field_updates_synthetic.csv,200
200,B167C366-3F98-545F-BDEB-4EDCEEBB7702,2024-09-18 00:00:00.000,HARVEST,2024-09-13 00:00:00.000,2024-09-13 00:00:00.000,COMPLETED,0.0,FIELD_APP,SYNTHETIC — integrated V2 (fixed),operations_field_updates_synthetic.csv,201
201,DF566C3D-9326-5887-A566-3CC4EC577554,2025-05-04 00:00:00.000,SOWING,2025-04-28 00:00:00.000,2025-04-28 00:00:00.000,COMPLETED,0.0,PAPER,SYNTHETIC — integrated V2 (fixed),operations_field_updates_synthetic.csv,202
202,DF566C3D-9326-5887-A566-3CC4EC577554,2025-06-01 00:00:00.000,FERTILISATION,2025-05-28 00:00:00.000,2025-05-28 00:00:00.000,COMPLETED,0.0,PAPER,SYNTHETIC — integrated V2 (fixed),operations_field_updates_synthetic.csv,203
203,DF566C3D-9326-5887-A566-3CC4EC577554,2025-06-27 00:00:00.000,IRRIGATION,2025-06-22 00:00:00.000,2025-06-22 00:00:00.000,COMPLETED,0.0,FIELD_APP,SYNTHETIC — integrated V2 (fixed),operations_field_updates_synthetic.csv,204
204,DF566C3D-9326-5887-A566-3CC4EC577554,2025-07-13 00:00:00.000,FUNGICIDE_SPRAY,2025-07-07 00:00:00.000,2025-07-07 00:00:00.000,COMPLETED,0.0,PAPER,SYNTHETIC — integrated V2 (fixed),operations_field_updates_synthetic.csv,205
205,DF566C3D-9326-5887-A566-3CC4EC577554,2025-09-25 00:00:00.000,HARVEST,2025-09-20 00:00:00.000,2025-09-20 00:00:00.000,COMPLETED,0.0,FIELD_APP,SYNTHETIC — integrated V2 (fixed),operations_field_updates_synthetic.csv,206
206,C0A0B5E1-1B9E-57F9-B45A-ECC671E54ED5,2026-04-24 00:00:00.000,SOWING,2026-04-21 00:00:00.000,2026-04-21 00:00:00.000,COMPLETED,0.0,PAPER,SYNTHETIC — integrated V2 (fixed),operations_field_updates_synthetic.csv,207
207,C0A0B5E1-1B9E-57F9-B45A-ECC671E54ED5,2026-05-27 00:00:00.000,FERTILISATION,2026-05-21 00:00:00.000,2026-05-21 00:00:00.000,COMPLETED,0.0,PAPER,SYNTHETIC — integrated V2 (fixed),operations_field_updates_synthetic.csv,208
208,C0A0B5E1-1B9E-57F9-B45A-ECC671E54ED5,2026-06-21 00:00:00.000,IRRIGATION,2026-06-15 00:00:00.000,2026-06-15 00:00:00.000,COMPLETED,0.0,EXCEL,SYNTHETIC — integrated V2 (fixed),operations_field_updates_synthetic.csv,209
209,C0A0B5E1-1B9E-57F9-B45A-ECC671E54ED5,2026-07-06 00:00:00.000,FUNGICIDE_SPRAY,2026-06-30 00:00:00.000,2026-06-30 00:00:00.000,COMPLETED,0.0,FIELD_APP,SYNTHETIC — integrated V2 (fixed),operations_field_updates_synthetic.csv,210
210,C0A0B5E1-1B9E-57F9-B45A-ECC671E54ED5,2026-09-19 00:00:00.000,HARVEST,2026-09-13 00:00:00.000,2026-09-13 00:00:00.000,COMPLETED,0.0,EXCEL,SYNTHETIC — integrated V2 (fixed),operations_field_updates_synthetic.csv,211
211,EECA288F-6A70-5156-9EF0-78B4812A0B07,2024-04-25 00:00:00.000,SOWING,2024-04-22 00:00:00.000,2024-04-22 00:00:00.000,COMPLETED,0.0,PAPER,SYNTHETIC — integrated V2 (fixed),operations_field_updates_synthetic.csv,212
212,EECA288F-6A70-5156-9EF0-78B4812A0B07,2024-05-26 00:00:00.000,FERTILISATION,2024-05-22 00:00:00.000,2024-05-22 00:00:00.000,COMPLETED,0.0,PAPER,SYNTHETIC — integrated V2 (fixed),operations_field_updates_synthetic.csv,213
213,EECA288F-6A70-5156-9EF0-78B4812A0B07,2024-06-21 00:00:00.000,IRRIGATION,2024-06-16 00:00:00.000,2024-06-16 00:00:00.000,COMPLETED,0.0,EXCEL,SYNTHETIC — integrated V2 (fixed),operations_field_updates_synthetic.csv,214
214,EECA288F-6A70-5156-9EF0-78B4812A0B07,2024-07-06 00:00:00.000,FUNGICIDE_SPRAY,2024-07-01 00:00:00.000,2024-07-01 00:00:00.000,COMPLETED,0.0,EXCEL,SYNTHETIC — integrated V2 (fixed),operations_field_updates_synthetic.csv,215
215,EECA288F-6A70-5156-9EF0-78B4812A0B07,2024-09-19 00:00:00.000,HARVEST,2024-09-14 00:00:00.000,2024-09-14 00:00:00.000,COMPLETED,0.0,PAPER,SYNTHETIC — integrated V2 (fixed),operations_field_updates_synthetic.csv,216
216,32E47A72-BE0D-5687-8A17-00A5C50D6CF2,2025-05-03 00:00:00.000,SOWING,2025-04-30 00:00:00.000,2025-04-30 00:00:00.000,COMPLETED,0.0,FIELD_APP,SYNTHETIC — integrated V2 (fixed),operations_field_updates_synthetic.csv,217
217,32E47A72-BE0D-5687-8A17-00A5C50D6CF2,2025-06-05 00:00:00.000,FERTILISATION,2025-05-30 00:00:00.000,2025-05-30 00:00:00.000,COMPLETED,0.0,EXCEL,SYNTHETIC — integrated V2 (fixed),operations_field_updates_synthetic.csv,218
218,32E47A72-BE0D-5687-8A17-00A5C50D6CF2,2025-06-27 00:00:00.000,IRRIGATION,2025-06-24 00:00:00.000,,MISSED,,WHATSAPP,"SYNTHETIC — integrated V2 (fixed); Pump failure, irrigation not applied during flowering",operations_field_updates_synthetic.csv,219
219,32E47A72-BE0D-5687-8A17-00A5C50D6CF2,2025-07-14 00:00:00.000,FUNGICIDE_SPRAY,2025-07-09 00:00:00.000,2025-07-09 00:00:00.000,COMPLETED,0.0,FIELD_APP,SYNTHETIC — integrated V2 (fixed),operations_field_updates_synthetic.csv,220
220,32E47A72-BE0D-5687-8A17-00A5C50D6CF2,2025-09-28 00:00:00.000,HARVEST,2025-09-22 00:00:00.000,2025-09-22 00:00:00.000,COMPLETED,0.0,FIELD_APP,SYNTHETIC — integrated V2 (fixed),operations_field_updates_synthetic.csv,221
221,D659A22C-039B-509E-A83D-2AEC5FFBCE81,2026-04-30 00:00:00.000,SOWING,2026-04-24 00:00:00.000,2026-04-24 00:00:00.000,COMPLETED,0.0,PAPER,SYNTHETIC — integrated V2 (fixed),operations_field_updates_synthetic.csv,222
222,D659A22C-039B-509E-A83D-2AEC5FFBCE81,2026-05-29 00:00:00.000,FERTILISATION,2026-05-24 00:00:00.000,2026-05-24 00:00:00.000,COMPLETED,0.0,EXCEL,SYNTHETIC — integrated V2 (fixed),operations_field_updates_synthetic.csv,223
223,D659A22C-039B-509E-A83D-2AEC5FFBCE81,2026-06-21 00:00:00.000,IRRIGATION,2026-06-18 00:00:00.000,2026-06-18 00:00:00.000,COMPLETED,0.0,EXCEL,SYNTHETIC — integrated V2 (fixed),operations_field_updates_synthetic.csv,224
224,D659A22C-039B-509E-A83D-2AEC5FFBCE81,2026-07-07 00:00:00.000,FUNGICIDE_SPRAY,2026-07-03 00:00:00.000,2026-07-03 00:00:00.000,COMPLETED,0.0,FIELD_APP,SYNTHETIC — integrated V2 (fixed),operations_field_updates_synthetic.csv,225
225,D659A22C-039B-509E-A83D-2AEC5FFBCE81,2026-09-22 00:00:00.000,HARVEST,2026-09-16 00:00:00.000,2026-09-16 00:00:00.000,COMPLETED,0.0,EXCEL,SYNTHETIC — integrated V2 (fixed),operations_field_updates_synthetic.csv,226
226,1A47827B-7B7C-5A41-84C4-FD9B30663584,2024-05-10 00:00:00.000,SOWING,2024-05-05 00:00:00.000,2024-05-05 00:00:00.000,COMPLETED,0.0,PAPER,SYNTHETIC — integrated V2 (fixed),operations_field_updates_synthetic.csv,227
227,1A47827B-7B7C-5A41-84C4-FD9B30663584,2024-06-10 00:00:00.000,FERTILISATION,2024-06-04 00:00:00.000,2024-06-04 00:00:00.000,COMPLETED,0.0,EXCEL,SYNTHETIC — integrated V2 (fixed),operations_field_updates_synthetic.csv,228
228,1A47827B-7B7C-5A41-84C4-FD9B30663584,2024-07-05 00:00:00.000,IRRIGATION,2024-06-29 00:00:00.000,2024-06-29 00:00:00.000,COMPLETED,0.0,EXCEL,SYNTHETIC — integrated V2 (fixed),operations_field_updates_synthetic.csv,229
229,1A47827B-7B7C-5A41-84C4-FD9B30663584,2024-07-19 00:00:00.000,FUNGICIDE_SPRAY,2024-07-14 00:00:00.000,2024-07-14 00:00:00.000,COMPLETED,0.0,EXCEL,SYNTHETIC — integrated V2 (fixed),operations_field_updates_synthetic.csv,230
230,1A47827B-7B7C-5A41-84C4-FD9B30663584,2024-10-02 00:00:00.000,HARVEST,2024-09-27 00:00:00.000,2024-09-27 00:00:00.000,COMPLETED,0.0,PAPER,SYNTHETIC — integrated V2 (fixed),operations_field_updates_synthetic.csv,231
231,B4791817-EF22-5DD1-BDF9-21B8B2D3EABC,2025-05-03 00:00:00.000,SOWING,2025-04-27 00:00:00.000,2025-04-27 00:00:00.000,COMPLETED,0.0,PAPER,SYNTHETIC — integrated V2 (fixed),operations_field_updates_synthetic.csv,232
232,B4791817-EF22-5DD1-BDF9-21B8B2D3EABC,2025-06-02 00:00:00.000,FERTILISATION,2025-05-27 00:00:00.000,2025-05-27 00:00:00.000,COMPLETED,0.0,EXCEL,SYNTHETIC — integrated V2 (fixed),operations_field_updates_synthetic.csv,233
233,B4791817-EF22-5DD1-BDF9-21B8B2D3EABC,2025-06-25 00:00:00.000,IRRIGATION,2025-06-21 00:00:00.000,2025-06-21 00:00:00.000,COMPLETED,0.0,FIELD_APP,SYNTHETIC — integrated V2 (fixed),operations_field_updates_synthetic.csv,234
234,B4791817-EF22-5DD1-BDF9-21B8B2D3EABC,2025-07-09 00:00:00.000,FUNGICIDE_SPRAY,2025-07-06 00:00:00.000,2025-07-06 00:00:00.000,COMPLETED,0.0,PAPER,SYNTHETIC — integrated V2 (fixed),operations_field_updates_synthetic.csv,235
235,B4791817-EF22-5DD1-BDF9-21B8B2D3EABC,2025-09-25 00:00:00.000,HARVEST,2025-09-19 00:00:00.000,2025-09-19 00:00:00.000,COMPLETED,0.0,PAPER,SYNTHETIC — integrated V2 (fixed),operations_field_updates_synthetic.csv,236
236,09E6A451-1F9D-5DB8-9CD3-208EC0B40283,2026-05-13 00:00:00.000,SOWING,2026-05-10 00:00:00.000,2026-05-10 00:00:00.000,COMPLETED,0.0,FIELD_APP,SYNTHETIC — integrated V2 (fixed),operations_field_updates_synthetic.csv,237
237,09E6A451-1F9D-5DB8-9CD3-208EC0B40283,2026-06-14 00:00:00.000,FERTILISATION,2026-06-09 00:00:00.000,2026-06-09 00:00:00.000,COMPLETED,0.0,EXCEL,SYNTHETIC — integrated V2 (fixed),operations_field_updates_synthetic.csv,238
238,09E6A451-1F9D-5DB8-9CD3-208EC0B40283,2026-07-07 00:00:00.000,IRRIGATION,2026-07-04 00:00:00.000,2026-07-04 00:00:00.000,COMPLETED,0.0,EXCEL,SYNTHETIC — integrated V2 (fixed),operations_field_updates_synthetic.csv,239
239,09E6A451-1F9D-5DB8-9CD3-208EC0B40283,2026-07-23 00:00:00.000,FUNGICIDE_SPRAY,2026-07-19 00:00:00.000,2026-07-19 00:00:00.000,COMPLETED,0.0,EXCEL,SYNTHETIC — integrated V2 (fixed),operations_field_updates_synthetic.csv,240
240,09E6A451-1F9D-5DB8-9CD3-208EC0B40283,2026-10-06 00:00:00.000,HARVEST,2026-10-02 00:00:00.000,2026-10-02 00:00:00.000,COMPLETED,0.0,EXCEL,SYNTHETIC — integrated V2 (fixed),operations_field_updates_synthetic.csv,241
241,1010D37E-ACCB-5A59-BC54-30D605034B64,2024-05-07 00:00:00.000,SOWING,2024-05-01 00:00:00.000,2024-05-01 00:00:00.000,COMPLETED,0.0,FIELD_APP,SYNTHETIC — integrated V2 (fixed),operations_field_updates_synthetic.csv,242
242,1010D37E-ACCB-5A59-BC54-30D605034B64,2024-06-04 00:00:00.000,FERTILISATION,2024-05-31 00:00:00.000,2024-05-31 00:00:00.000,COMPLETED,0.0,PAPER,SYNTHETIC — integrated V2 (fixed),operations_field_updates_synthetic.csv,243
243,1010D37E-ACCB-5A59-BC54-30D605034B64,2024-06-28 00:00:00.000,IRRIGATION,2024-06-25 00:00:00.000,2024-06-25 00:00:00.000,COMPLETED,0.0,PAPER,SYNTHETIC — integrated V2 (fixed),operations_field_updates_synthetic.csv,244
244,1010D37E-ACCB-5A59-BC54-30D605034B64,2024-07-22 00:00:00.000,FUNGICIDE_SPRAY,2024-07-10 00:00:00.000,2024-07-19 00:00:00.000,DELAYED,9.0,WHATSAPP,SYNTHETIC — integrated V2 (fixed); Spray late: wet field / product stock-out,operations_field_updates_synthetic.csv,245
245,1010D37E-ACCB-5A59-BC54-30D605034B64,2024-09-26 00:00:00.000,HARVEST,2024-09-23 00:00:00.000,2024-09-23 00:00:00.000,COMPLETED,0.0,FIELD_APP,SYNTHETIC — integrated V2 (fixed),operations_field_updates_synthetic.csv,246
246,8DA0F9D1-29BF-5B30-AB7E-343B169E1348,2025-05-11 00:00:00.000,SOWING,2025-05-08 00:00:00.000,2025-05-08 00:00:00.000,COMPLETED,0.0,FIELD_APP,SYNTHETIC — integrated V2 (fixed),operations_field_updates_synthetic.csv,247
247,8DA0F9D1-29BF-5B30-AB7E-343B169E1348,2025-06-10 00:00:00.000,FERTILISATION,2025-06-07 00:00:00.000,2025-06-07 00:00:00.000,COMPLETED,0.0,PAPER,SYNTHETIC — integrated V2 (fixed),operations_field_updates_synthetic.csv,248
248,8DA0F9D1-29BF-5B30-AB7E-343B169E1348,2025-07-06 00:00:00.000,IRRIGATION,2025-07-02 00:00:00.000,2025-07-02 00:00:00.000,COMPLETED,0.0,PAPER,SYNTHETIC — integrated V2 (fixed),operations_field_updates_synthetic.csv,249
249,8DA0F9D1-29BF-5B30-AB7E-343B169E1348,2025-07-23 00:00:00.000,FUNGICIDE_SPRAY,2025-07-17 00:00:00.000,2025-07-17 00:00:00.000,COMPLETED,0.0,PAPER,SYNTHETIC — integrated V2 (fixed),operations_field_updates_synthetic.csv,250
250,8DA0F9D1-29BF-5B30-AB7E-343B169E1348,2025-10-03 00:00:00.000,HARVEST,2025-09-30 00:00:00.000,2025-09-30 00:00:00.000,COMPLETED,0.0,EXCEL,SYNTHETIC — integrated V2 (fixed),operations_field_updates_synthetic.csv,251
251,879B9EFB-492D-59F3-B1D6-9184482169DA,2026-04-27 00:00:00.000,SOWING,2026-04-23 00:00:00.000,2026-04-23 00:00:00.000,COMPLETED,0.0,PAPER,SYNTHETIC — integrated V2 (fixed),operations_field_updates_synthetic.csv,252
252,879B9EFB-492D-59F3-B1D6-9184482169DA,2026-05-28 00:00:00.000,FERTILISATION,2026-05-23 00:00:00.000,2026-05-23 00:00:00.000,COMPLETED,0.0,PAPER,SYNTHETIC — integrated V2 (fixed),operations_field_updates_synthetic.csv,253
253,879B9EFB-492D-59F3-B1D6-9184482169DA,2026-06-23 00:00:00.000,IRRIGATION,2026-06-17 00:00:00.000,2026-06-17 00:00:00.000,COMPLETED,0.0,PAPER,SYNTHETIC — integrated V2 (fixed),operations_field_updates_synthetic.csv,254
254,879B9EFB-492D-59F3-B1D6-9184482169DA,2026-07-16 00:00:00.000,FUNGICIDE_SPRAY,2026-07-02 00:00:00.000,2026-07-13 00:00:00.000,DELAYED,11.0,WHATSAPP,SYNTHETIC — integrated V2 (fixed); Spray late: wet field / product stock-out,operations_field_updates_synthetic.csv,255
255,879B9EFB-492D-59F3-B1D6-9184482169DA,2026-09-19 00:00:00.000,HARVEST,2026-09-15 00:00:00.000,2026-09-15 00:00:00.000,COMPLETED,0.0,PAPER,SYNTHETIC — integrated V2 (fixed),operations_field_updates_synthetic.csv,256
256,78BA09A6-A102-5839-8514-480A261C070E,2024-05-02 00:00:00.000,SOWING,2024-04-26 00:00:00.000,2024-04-26 00:00:00.000,COMPLETED,0.0,EXCEL,SYNTHETIC — integrated V2 (fixed),operations_field_updates_synthetic.csv,257
257,78BA09A6-A102-5839-8514-480A261C070E,2024-06-01 00:00:00.000,FERTILISATION,2024-05-26 00:00:00.000,2024-05-26 00:00:00.000,COMPLETED,0.0,FIELD_APP,SYNTHETIC — integrated V2 (fixed),operations_field_updates_synthetic.csv,258
258,78BA09A6-A102-5839-8514-480A261C070E,2024-06-24 00:00:00.000,IRRIGATION,2024-06-20 00:00:00.000,2024-06-20 00:00:00.000,COMPLETED,0.0,FIELD_APP,SYNTHETIC — integrated V2 (fixed),operations_field_updates_synthetic.csv,259
259,78BA09A6-A102-5839-8514-480A261C070E,2024-07-08 00:00:00.000,FUNGICIDE_SPRAY,2024-07-05 00:00:00.000,2024-07-05 00:00:00.000,COMPLETED,0.0,EXCEL,SYNTHETIC — integrated V2 (fixed),operations_field_updates_synthetic.csv,260
260,78BA09A6-A102-5839-8514-480A261C070E,2024-09-21 00:00:00.000,HARVEST,2024-09-18 00:00:00.000,2024-09-18 00:00:00.000,COMPLETED,0.0,EXCEL,SYNTHETIC — integrated V2 (fixed),operations_field_updates_synthetic.csv,261
261,A2CE9BC6-3967-5E03-9AC6-02C612A45D52,2025-05-11 00:00:00.000,SOWING,2025-05-06 00:00:00.000,2025-05-06 00:00:00.000,COMPLETED,0.0,PAPER,SYNTHETIC — integrated V2 (fixed),operations_field_updates_synthetic.csv,262
262,A2CE9BC6-3967-5E03-9AC6-02C612A45D52,2025-06-08 00:00:00.000,FERTILISATION,2025-06-05 00:00:00.000,2025-06-05 00:00:00.000,COMPLETED,0.0,PAPER,SYNTHETIC — integrated V2 (fixed),operations_field_updates_synthetic.csv,263
263,A2CE9BC6-3967-5E03-9AC6-02C612A45D52,2025-07-06 00:00:00.000,IRRIGATION,2025-06-30 00:00:00.000,,MISSED,,WHATSAPP,"SYNTHETIC — integrated V2 (fixed); Pump failure, irrigation not applied during flowering",operations_field_updates_synthetic.csv,264
264,A2CE9BC6-3967-5E03-9AC6-02C612A45D52,2025-07-19 00:00:00.000,FUNGICIDE_SPRAY,2025-07-15 00:00:00.000,2025-07-15 00:00:00.000,COMPLETED,0.0,PAPER,SYNTHETIC — integrated V2 (fixed),operations_field_updates_synthetic.csv,265
265,A2CE9BC6-3967-5E03-9AC6-02C612A45D52,2025-10-01 00:00:00.000,HARVEST,2025-09-28 00:00:00.000,2025-09-28 00:00:00.000,COMPLETED,0.0,FIELD_APP,SYNTHETIC — integrated V2 (fixed),operations_field_updates_synthetic.csv,266
266,9941CF83-849A-52B4-BE5A-2F491CDBED92,2026-05-08 00:00:00.000,SOWING,2026-05-05 00:00:00.000,2026-05-05 00:00:00.000,COMPLETED,0.0,EXCEL,SYNTHETIC — integrated V2 (fixed),operations_field_updates_synthetic.csv,267
267,9941CF83-849A-52B4-BE5A-2F491CDBED92,2026-06-10 00:00:00.000,FERTILISATION,2026-06-04 00:00:00.000,2026-06-04 00:00:00.000,COMPLETED,0.0,EXCEL,SYNTHETIC — integrated V2 (fixed),operations_field_updates_synthetic.csv,268
268,9941CF83-849A-52B4-BE5A-2F491CDBED92,2026-07-02 00:00:00.000,IRRIGATION,2026-06-29 00:00:00.000,2026-06-29 00:00:00.000,COMPLETED,0.0,FIELD_APP,SYNTHETIC — integrated V2 (fixed),operations_field_updates_synthetic.csv,269
269,9941CF83-849A-52B4-BE5A-2F491CDBED92,2026-07-19 00:00:00.000,FUNGICIDE_SPRAY,2026-07-14 00:00:00.000,2026-07-14 00:00:00.000,COMPLETED,0.0,FIELD_APP,SYNTHETIC — integrated V2 (fixed),operations_field_updates_synthetic.csv,270
270,9941CF83-849A-52B4-BE5A-2F491CDBED92,2026-10-01 00:00:00.000,HARVEST,2026-09-27 00:00:00.000,2026-09-27 00:00:00.000,COMPLETED,0.0,EXCEL,SYNTHETIC — integrated V2 (fixed),operations_field_updates_synthetic.csv,271
271,DA694A0F-270F-5D96-ABB3-3F4829773352,2024-05-07 00:00:00.000,SOWING,2024-05-01 00:00:00.000,2024-05-01 00:00:00.000,COMPLETED,0.0,EXCEL,SYNTHETIC — integrated V2 (fixed),operations_field_updates_synthetic.csv,272
272,DA694A0F-270F-5D96-ABB3-3F4829773352,2024-06-05 00:00:00.000,FERTILISATION,2024-05-31 00:00:00.000,2024-05-31 00:00:00.000,COMPLETED,0.0,PAPER,SYNTHETIC — integrated V2 (fixed),operations_field_updates_synthetic.csv,273
273,DA694A0F-270F-5D96-ABB3-3F4829773352,2024-06-29 00:00:00.000,IRRIGATION,2024-06-25 00:00:00.000,2024-06-25 00:00:00.000,COMPLETED,0.0,FIELD_APP,SYNTHETIC — integrated V2 (fixed),operations_field_updates_synthetic.csv,274
274,DA694A0F-270F-5D96-ABB3-3F4829773352,2024-07-14 00:00:00.000,FUNGICIDE_SPRAY,2024-07-10 00:00:00.000,2024-07-10 00:00:00.000,COMPLETED,0.0,PAPER,SYNTHETIC — integrated V2 (fixed),operations_field_updates_synthetic.csv,275
275,DA694A0F-270F-5D96-ABB3-3F4829773352,2024-09-29 00:00:00.000,HARVEST,2024-09-23 00:00:00.000,2024-09-23 00:00:00.000,COMPLETED,0.0,EXCEL,SYNTHETIC — integrated V2 (fixed),operations_field_updates_synthetic.csv,276
276,79D102F1-B85E-56AD-AC13-324BD85744B6,2025-05-01 00:00:00.000,SOWING,2025-04-28 00:00:00.000,2025-04-28 00:00:00.000,COMPLETED,0.0,PAPER,SYNTHETIC — integrated V2 (fixed),operations_field_updates_synthetic.csv,277
277,79D102F1-B85E-56AD-AC13-324BD85744B6,2025-05-31 00:00:00.000,FERTILISATION,2025-05-28 00:00:00.000,2025-05-28 00:00:00.000,COMPLETED,0.0,EXCEL,SYNTHETIC — integrated V2 (fixed),operations_field_updates_synthetic.csv,278
278,79D102F1-B85E-56AD-AC13-324BD85744B6,2025-06-25 00:00:00.000,IRRIGATION,2025-06-22 00:00:00.000,2025-06-22 00:00:00.000,COMPLETED,0.0,PAPER,SYNTHETIC — integrated V2 (fixed),operations_field_updates_synthetic.csv,279
279,79D102F1-B85E-56AD-AC13-324BD85744B6,2025-07-13 00:00:00.000,FUNGICIDE_SPRAY,2025-07-07 00:00:00.000,2025-07-07 00:00:00.000,COMPLETED,0.0,PAPER,SYNTHETIC — integrated V2 (fixed),operations_field_updates_synthetic.csv,280
280,79D102F1-B85E-56AD-AC13-324BD85744B6,2025-09-23 00:00:00.000,HARVEST,2025-09-20 00:00:00.000,2025-09-20 00:00:00.000,COMPLETED,0.0,FIELD_APP,SYNTHETIC — integrated V2 (fixed),operations_field_updates_synthetic.csv,281
281,A1D03F7E-F88C-54A1-9A7E-178FD2E83CA3,2026-05-15 00:00:00.000,SOWING,2026-05-10 00:00:00.000,2026-05-10 00:00:00.000,COMPLETED,0.0,EXCEL,SYNTHETIC — integrated V2 (fixed),operations_field_updates_synthetic.csv,282
282,A1D03F7E-F88C-54A1-9A7E-178FD2E83CA3,2026-06-15 00:00:00.000,FERTILISATION,2026-06-09 00:00:00.000,2026-06-09 00:00:00.000,COMPLETED,0.0,EXCEL,SYNTHETIC — integrated V2 (fixed),operations_field_updates_synthetic.csv,283
283,A1D03F7E-F88C-54A1-9A7E-178FD2E83CA3,2026-07-10 00:00:00.000,IRRIGATION,2026-07-04 00:00:00.000,2026-07-04 00:00:00.000,COMPLETED,0.0,EXCEL,SYNTHETIC — integrated V2 (fixed),operations_field_updates_synthetic.csv,284
284,A1D03F7E-F88C-54A1-9A7E-178FD2E83CA3,2026-07-22 00:00:00.000,FUNGICIDE_SPRAY,2026-07-19 00:00:00.000,2026-07-19 00:00:00.000,COMPLETED,0.0,EXCEL,SYNTHETIC — integrated V2 (fixed),operations_field_updates_synthetic.csv,285
285,A1D03F7E-F88C-54A1-9A7E-178FD2E83CA3,2026-10-08 00:00:00.000,HARVEST,2026-10-02 00:00:00.000,2026-10-02 00:00:00.000,COMPLETED,0.0,FIELD_APP,SYNTHETIC — integrated V2 (fixed),operations_field_updates_synthetic.csv,286
286,56C43E2D-570A-5C88-AA2B-7D1382DE35FF,2024-04-29 00:00:00.000,SOWING,2024-04-24 00:00:00.000,2024-04-24 00:00:00.000,COMPLETED,0.0,FIELD_APP,SYNTHETIC — integrated V2 (fixed),operations_field_updates_synthetic.csv,287
287,56C43E2D-570A-5C88-AA2B-7D1382DE35FF,2024-05-30 00:00:00.000,FERTILISATION,2024-05-24 00:00:00.000,2024-05-24 00:00:00.000,COMPLETED,0.0,FIELD_APP,SYNTHETIC — integrated V2 (fixed),operations_field_updates_synthetic.csv,288
288,56C43E2D-570A-5C88-AA2B-7D1382DE35FF,2024-06-22 00:00:00.000,IRRIGATION,2024-06-18 00:00:00.000,2024-06-18 00:00:00.000,COMPLETED,0.0,FIELD_APP,SYNTHETIC — integrated V2 (fixed),operations_field_updates_synthetic.csv,289
289,56C43E2D-570A-5C88-AA2B-7D1382DE35FF,2024-07-07 00:00:00.000,FUNGICIDE_SPRAY,2024-07-03 00:00:00.000,2024-07-03 00:00:00.000,COMPLETED,0.0,EXCEL,SYNTHETIC — integrated V2 (fixed),operations_field_updates_synthetic.csv,290
290,56C43E2D-570A-5C88-AA2B-7D1382DE35FF,2024-09-22 00:00:00.000,HARVEST,2024-09-16 00:00:00.000,2024-09-16 00:00:00.000,COMPLETED,0.0,EXCEL,SYNTHETIC — integrated V2 (fixed),operations_field_updates_synthetic.csv,291
291,3DA828DA-CE28-5BC9-B443-63B63E4A5DA1,2025-04-30 00:00:00.000,SOWING,2025-04-25 00:00:00.000,2025-04-25 00:00:00.000,COMPLETED,0.0,FIELD_APP,SYNTHETIC — integrated V2 (fixed),operations_field_updates_synthetic.csv,292
292,3DA828DA-CE28-5BC9-B443-63B63E4A5DA1,2025-05-29 00:00:00.000,FERTILISATION,2025-05-25 00:00:00.000,2025-05-25 00:00:00.000,COMPLETED,0.0,EXCEL,SYNTHETIC — integrated V2 (fixed),operations_field_updates_synthetic.csv,293
293,3DA828DA-CE28-5BC9-B443-63B63E4A5DA1,2025-06-23 00:00:00.000,IRRIGATION,2025-06-19 00:00:00.000,2025-06-19 00:00:00.000,COMPLETED,0.0,PAPER,SYNTHETIC — integrated V2 (fixed),operations_field_updates_synthetic.csv,294
294,3DA828DA-CE28-5BC9-B443-63B63E4A5DA1,2025-07-10 00:00:00.000,FUNGICIDE_SPRAY,2025-07-04 00:00:00.000,2025-07-04 00:00:00.000,COMPLETED,0.0,EXCEL,SYNTHETIC — integrated V2 (fixed),operations_field_updates_synthetic.csv,295
295,3DA828DA-CE28-5BC9-B443-63B63E4A5DA1,2025-09-23 00:00:00.000,HARVEST,2025-09-17 00:00:00.000,2025-09-17 00:00:00.000,COMPLETED,0.0,FIELD_APP,SYNTHETIC — integrated V2 (fixed),operations_field_updates_synthetic.csv,296
296,E71C9320-1409-51F3-AC37-F32C9E94539F,2026-05-02 00:00:00.000,SOWING,2026-04-27 00:00:00.000,2026-04-27 00:00:00.000,COMPLETED,0.0,PAPER,SYNTHETIC — integrated V2 (fixed),operations_field_updates_synthetic.csv,297
297,E71C9320-1409-51F3-AC37-F32C9E94539F,2026-06-02 00:00:00.000,FERTILISATION,2026-05-27 00:00:00.000,2026-05-27 00:00:00.000,COMPLETED,0.0,PAPER,SYNTHETIC — integrated V2 (fixed),operations_field_updates_synthetic.csv,298
298,E71C9320-1409-51F3-AC37-F32C9E94539F,2026-06-26 00:00:00.000,IRRIGATION,2026-06-21 00:00:00.000,2026-06-21 00:00:00.000,COMPLETED,0.0,FIELD_APP,SYNTHETIC — integrated V2 (fixed),operations_field_updates_synthetic.csv,299
299,E71C9320-1409-51F3-AC37-F32C9E94539F,2026-07-10 00:00:00.000,FUNGICIDE_SPRAY,2026-07-06 00:00:00.000,2026-07-06 00:00:00.000,COMPLETED,0.0,EXCEL,SYNTHETIC — integrated V2 (fixed),operations_field_updates_synthetic.csv,300
300,E71C9320-1409-51F3-AC37-F32C9E94539F,2026-09-23 00:00:00.000,HARVEST,2026-09-19 00:00:00.000,2026-09-19 00:00:00.000,COMPLETED,0.0,PAPER,SYNTHETIC — integrated V2 (fixed),operations_field_updates_synthetic.csv,301
301,F404BEF0-B882-55A4-B3EF-5524ABD92523,2024-04-29 00:00:00.000,SOWING,2024-04-23 00:00:00.000,2024-04-23 00:00:00.000,COMPLETED,0.0,EXCEL,SYNTHETIC — integrated V2 (fixed),operations_field_updates_synthetic.csv,302
302,F404BEF0-B882-55A4-B3EF-5524ABD92523,2024-05-27 00:00:00.000,FERTILISATION,2024-05-23 00:00:00.000,2024-05-23 00:00:00.000,COMPLETED,0.0,EXCEL,SYNTHETIC — integrated V2 (fixed),operations_field_updates_synthetic.csv,303
303,F404BEF0-B882-55A4-B3EF-5524ABD92523,2024-06-21 00:00:00.000,IRRIGATION,2024-06-17 00:00:00.000,2024-06-17 00:00:00.000,COMPLETED,0.0,FIELD_APP,SYNTHETIC — integrated V2 (fixed),operations_field_updates_synthetic.csv,304
304,F404BEF0-B882-55A4-B3EF-5524ABD92523,2024-07-11 00:00:00.000,FUNGICIDE_SPRAY,2024-07-02 00:00:00.000,2024-07-09 00:00:00.000,DELAYED,7.0,WHATSAPP,SYNTHETIC — integrated V2 (fixed); Spray late: wet field / product stock-out,operations_field_updates_synthetic.csv,305
305,F404BEF0-B882-55A4-B3EF-5524ABD92523,2024-09-18 00:00:00.000,HARVEST,2024-09-15 00:00:00.000,2024-09-15 00:00:00.000,COMPLETED,0.0,EXCEL,SYNTHETIC — integrated V2 (fixed),operations_field_updates_synthetic.csv,306
306,EF1E7488-D4AA-55BF-8BE2-C9D0FF26A85C,2025-05-09 00:00:00.000,SOWING,2025-05-03 00:00:00.000,2025-05-03 00:00:00.000,COMPLETED,0.0,PAPER,SYNTHETIC — integrated V2 (fixed),operations_field_updates_synthetic.csv,307
307,EF1E7488-D4AA-55BF-8BE2-C9D0FF26A85C,2025-06-08 00:00:00.000,FERTILISATION,2025-06-02 00:00:00.000,2025-06-02 00:00:00.000,COMPLETED,0.0,FIELD_APP,SYNTHETIC — integrated V2 (fixed),operations_field_updates_synthetic.csv,308
308,EF1E7488-D4AA-55BF-8BE2-C9D0FF26A85C,2025-07-03 00:00:00.000,IRRIGATION,2025-06-27 00:00:00.000,2025-06-27 00:00:00.000,COMPLETED,0.0,FIELD_APP,SYNTHETIC — integrated V2 (fixed),operations_field_updates_synthetic.csv,309
309,EF1E7488-D4AA-55BF-8BE2-C9D0FF26A85C,2025-07-15 00:00:00.000,FUNGICIDE_SPRAY,2025-07-12 00:00:00.000,2025-07-12 00:00:00.000,COMPLETED,0.0,EXCEL,SYNTHETIC — integrated V2 (fixed),operations_field_updates_synthetic.csv,310
310,EF1E7488-D4AA-55BF-8BE2-C9D0FF26A85C,2025-10-01 00:00:00.000,HARVEST,2025-09-25 00:00:00.000,2025-09-25 00:00:00.000,COMPLETED,0.0,PAPER,SYNTHETIC — integrated V2 (fixed),operations_field_updates_synthetic.csv,311
311,A0B495EE-70AD-5DD4-969B-F040BF1F810F,2026-05-07 00:00:00.000,SOWING,2026-05-02 00:00:00.000,2026-05-02 00:00:00.000,COMPLETED,0.0,EXCEL,SYNTHETIC — integrated V2 (fixed),operations_field_updates_synthetic.csv,312
312,A0B495EE-70AD-5DD4-969B-F040BF1F810F,2026-06-04 00:00:00.000,FERTILISATION,2026-06-01 00:00:00.000,2026-06-01 00:00:00.000,COMPLETED,0.0,PAPER,SYNTHETIC — integrated V2 (fixed),operations_field_updates_synthetic.csv,313
313,A0B495EE-70AD-5DD4-969B-F040BF1F810F,2026-07-01 00:00:00.000,IRRIGATION,2026-06-26 00:00:00.000,2026-06-26 00:00:00.000,COMPLETED,0.0,FIELD_APP,SYNTHETIC — integrated V2 (fixed),operations_field_updates_synthetic.csv,314
314,A0B495EE-70AD-5DD4-969B-F040BF1F810F,2026-07-16 00:00:00.000,FUNGICIDE_SPRAY,2026-07-11 00:00:00.000,2026-07-11 00:00:00.000,COMPLETED,0.0,PAPER,SYNTHETIC — integrated V2 (fixed),operations_field_updates_synthetic.csv,315
315,A0B495EE-70AD-5DD4-969B-F040BF1F810F,2026-09-27 00:00:00.000,HARVEST,2026-09-24 00:00:00.000,2026-09-24 00:00:00.000,COMPLETED,0.0,FIELD_APP,SYNTHETIC — integrated V2 (fixed),operations_field_updates_synthetic.csv,316
316,27B868AF-6443-5034-9874-ABFE4F41A636,2024-05-07 00:00:00.000,SOWING,2024-05-02 00:00:00.000,2024-05-02 00:00:00.000,COMPLETED,0.0,PAPER,SYNTHETIC — integrated V2 (fixed),operations_field_updates_synthetic.csv,317
317,27B868AF-6443-5034-9874-ABFE4F41A636,2024-06-05 00:00:00.000,FERTILISATION,2024-06-01 00:00:00.000,2024-06-01 00:00:00.000,COMPLETED,0.0,FIELD_APP,SYNTHETIC — integrated V2 (fixed),operations_field_updates_synthetic.csv,318
318,27B868AF-6443-5034-9874-ABFE4F41A636,2024-06-29 00:00:00.000,IRRIGATION,2024-06-26 00:00:00.000,2024-06-26 00:00:00.000,COMPLETED,0.0,EXCEL,SYNTHETIC — integrated V2 (fixed),operations_field_updates_synthetic.csv,319
319,27B868AF-6443-5034-9874-ABFE4F41A636,2024-07-14 00:00:00.000,FUNGICIDE_SPRAY,2024-07-11 00:00:00.000,2024-07-11 00:00:00.000,COMPLETED,0.0,EXCEL,SYNTHETIC — integrated V2 (fixed),operations_field_updates_synthetic.csv,320
320,27B868AF-6443-5034-9874-ABFE4F41A636,2024-09-29 00:00:00.000,HARVEST,2024-09-24 00:00:00.000,2024-09-24 00:00:00.000,COMPLETED,0.0,PAPER,SYNTHETIC — integrated V2 (fixed),operations_field_updates_synthetic.csv,321
321,59E41927-F17E-54A4-9F4C-2A13534CC91B,2025-05-14 00:00:00.000,SOWING,2025-05-08 00:00:00.000,2025-05-08 00:00:00.000,COMPLETED,0.0,FIELD_APP,SYNTHETIC — integrated V2 (fixed),operations_field_updates_synthetic.csv,322
322,59E41927-F17E-54A4-9F4C-2A13534CC91B,2025-06-10 00:00:00.000,FERTILISATION,2025-06-07 00:00:00.000,2025-06-07 00:00:00.000,COMPLETED,0.0,PAPER,SYNTHETIC — integrated V2 (fixed),operations_field_updates_synthetic.csv,323
323,59E41927-F17E-54A4-9F4C-2A13534CC91B,2025-07-05 00:00:00.000,IRRIGATION,2025-07-02 00:00:00.000,2025-07-02 00:00:00.000,COMPLETED,0.0,PAPER,SYNTHETIC — integrated V2 (fixed),operations_field_updates_synthetic.csv,324
324,59E41927-F17E-54A4-9F4C-2A13534CC91B,2025-07-21 00:00:00.000,FUNGICIDE_SPRAY,2025-07-17 00:00:00.000,2025-07-17 00:00:00.000,COMPLETED,0.0,FIELD_APP,SYNTHETIC — integrated V2 (fixed),operations_field_updates_synthetic.csv,325
325,59E41927-F17E-54A4-9F4C-2A13534CC91B,2025-10-04 00:00:00.000,HARVEST,2025-09-30 00:00:00.000,2025-09-30 00:00:00.000,COMPLETED,0.0,PAPER,SYNTHETIC — integrated V2 (fixed),operations_field_updates_synthetic.csv,326
326,B6246898-929C-52F3-8AE7-DE3917863B0A,2026-05-11 00:00:00.000,SOWING,2026-05-06 00:00:00.000,2026-05-06 00:00:00.000,COMPLETED,0.0,PAPER,SYNTHETIC — integrated V2 (fixed),operations_field_updates_synthetic.csv,327
327,B6246898-929C-52F3-8AE7-DE3917863B0A,2026-06-09 00:00:00.000,FERTILISATION,2026-06-05 00:00:00.000,2026-06-05 00:00:00.000,COMPLETED,0.0,EXCEL,SYNTHETIC — integrated V2 (fixed),operations_field_updates_synthetic.csv,328
328,B6246898-929C-52F3-8AE7-DE3917863B0A,2026-07-04 00:00:00.000,IRRIGATION,2026-06-30 00:00:00.000,,MISSED,,WHATSAPP,"SYNTHETIC — integrated V2 (fixed); Pump failure, irrigation not applied during flowering",operations_field_updates_synthetic.csv,329
329,B6246898-929C-52F3-8AE7-DE3917863B0A,2026-07-18 00:00:00.000,FUNGICIDE_SPRAY,2026-07-15 00:00:00.000,2026-07-15 00:00:00.000,COMPLETED,0.0,EXCEL,SYNTHETIC — integrated V2 (fixed),operations_field_updates_synthetic.csv,330
330,B6246898-929C-52F3-8AE7-DE3917863B0A,2026-10-02 00:00:00.000,HARVEST,2026-09-28 00:00:00.000,2026-09-28 00:00:00.000,COMPLETED,0.0,EXCEL,SYNTHETIC — integrated V2 (fixed),operations_field_updates_synthetic.csv,331
331,04A8AA2E-CB53-515B-9C8E-32B7BEDCE3FA,2024-05-13 00:00:00.000,SOWING,2024-05-08 00:00:00.000,2024-05-08 00:00:00.000,COMPLETED,0.0,PAPER,SYNTHETIC — integrated V2 (fixed),operations_field_updates_synthetic.csv,332
332,04A8AA2E-CB53-515B-9C8E-32B7BEDCE3FA,2024-06-13 00:00:00.000,FERTILISATION,2024-06-07 00:00:00.000,2024-06-07 00:00:00.000,COMPLETED,0.0,FIELD_APP,SYNTHETIC — integrated V2 (fixed),operations_field_updates_synthetic.csv,333
333,04A8AA2E-CB53-515B-9C8E-32B7BEDCE3FA,2024-07-08 00:00:00.000,IRRIGATION,2024-07-02 00:00:00.000,2024-07-02 00:00:00.000,COMPLETED,0.0,PAPER,SYNTHETIC — integrated V2 (fixed),operations_field_updates_synthetic.csv,334
334,04A8AA2E-CB53-515B-9C8E-32B7BEDCE3FA,2024-07-28 00:00:00.000,FUNGICIDE_SPRAY,2024-07-17 00:00:00.000,2024-07-27 00:00:00.000,DELAYED,10.0,WHATSAPP,SYNTHETIC — integrated V2 (fixed); Spray late: wet field / product stock-out,operations_field_updates_synthetic.csv,335
335,04A8AA2E-CB53-515B-9C8E-32B7BEDCE3FA,2024-10-05 00:00:00.000,HARVEST,2024-09-30 00:00:00.000,2024-09-30 00:00:00.000,COMPLETED,0.0,EXCEL,SYNTHETIC — integrated V2 (fixed),operations_field_updates_synthetic.csv,336
336,C31B94A9-D4AA-5668-9325-91A3B6FC7ADB,2025-05-11 00:00:00.000,SOWING,2025-05-06 00:00:00.000,2025-05-06 00:00:00.000,COMPLETED,0.0,FIELD_APP,SYNTHETIC — integrated V2 (fixed),operations_field_updates_synthetic.csv,337
337,C31B94A9-D4AA-5668-9325-91A3B6FC7ADB,2025-06-11 00:00:00.000,FERTILISATION,2025-06-05 00:00:00.000,2025-06-05 00:00:00.000,COMPLETED,0.0,EXCEL,SYNTHETIC — integrated V2 (fixed),operations_field_updates_synthetic.csv,338
338,C31B94A9-D4AA-5668-9325-91A3B6FC7ADB,2025-07-04 00:00:00.000,IRRIGATION,2025-06-30 00:00:00.000,2025-06-30 00:00:00.000,COMPLETED,0.0,PAPER,SYNTHETIC — integrated V2 (fixed),operations_field_updates_synthetic.csv,339
339,C31B94A9-D4AA-5668-9325-91A3B6FC7ADB,2025-07-19 00:00:00.000,FUNGICIDE_SPRAY,2025-07-15 00:00:00.000,2025-07-15 00:00:00.000,COMPLETED,0.0,EXCEL,SYNTHETIC — integrated V2 (fixed),operations_field_updates_synthetic.csv,340
340,C31B94A9-D4AA-5668-9325-91A3B6FC7ADB,2025-10-01 00:00:00.000,HARVEST,2025-09-28 00:00:00.000,2025-09-28 00:00:00.000,COMPLETED,0.0,FIELD_APP,SYNTHETIC — integrated V2 (fixed),operations_field_updates_synthetic.csv,341
341,3D178CC3-6323-5700-8966-D35D3D161DAC,2026-04-25 00:00:00.000,SOWING,2026-04-21 00:00:00.000,2026-04-21 00:00:00.000,COMPLETED,0.0,PAPER,SYNTHETIC — integrated V2 (fixed),operations_field_updates_synthetic.csv,342
342,3D178CC3-6323-5700-8966-D35D3D161DAC,2026-05-25 00:00:00.000,FERTILISATION,2026-05-21 00:00:00.000,2026-05-21 00:00:00.000,COMPLETED,0.0,FIELD_APP,SYNTHETIC — integrated V2 (fixed),operations_field_updates_synthetic.csv,343
343,3D178CC3-6323-5700-8966-D35D3D161DAC,2026-06-20 00:00:00.000,IRRIGATION,2026-06-15 00:00:00.000,2026-06-15 00:00:00.000,COMPLETED,0.0,PAPER,SYNTHETIC — integrated V2 (fixed),operations_field_updates_synthetic.csv,344
344,3D178CC3-6323-5700-8966-D35D3D161DAC,2026-07-04 00:00:00.000,FUNGICIDE_SPRAY,2026-06-30 00:00:00.000,2026-06-30 00:00:00.000,COMPLETED,0.0,EXCEL,SYNTHETIC — integrated V2 (fixed),operations_field_updates_synthetic.csv,345
345,3D178CC3-6323-5700-8966-D35D3D161DAC,2026-09-17 00:00:00.000,HARVEST,2026-09-13 00:00:00.000,2026-09-13 00:00:00.000,COMPLETED,0.0,PAPER,SYNTHETIC — integrated V2 (fixed),operations_field_updates_synthetic.csv,346
346,642F537B-53B7-5165-BB1E-BF6A40C28548,2024-04-25 00:00:00.000,SOWING,2024-04-22 00:00:00.000,2024-04-22 00:00:00.000,COMPLETED,0.0,PAPER,SYNTHETIC — integrated V2 (fixed),operations_field_updates_synthetic.csv,347
347,642F537B-53B7-5165-BB1E-BF6A40C28548,2024-05-28 00:00:00.000,FERTILISATION,2024-05-22 00:00:00.000,2024-05-22 00:00:00.000,COMPLETED,0.0,EXCEL,SYNTHETIC — integrated V2 (fixed),operations_field_updates_synthetic.csv,348
348,642F537B-53B7-5165-BB1E-BF6A40C28548,2024-06-20 00:00:00.000,IRRIGATION,2024-06-16 00:00:00.000,2024-06-16 00:00:00.000,COMPLETED,0.0,EXCEL,SYNTHETIC — integrated V2 (fixed),operations_field_updates_synthetic.csv,349
349,642F537B-53B7-5165-BB1E-BF6A40C28548,2024-07-05 00:00:00.000,FUNGICIDE_SPRAY,2024-07-01 00:00:00.000,2024-07-01 00:00:00.000,COMPLETED,0.0,EXCEL,SYNTHETIC — integrated V2 (fixed),operations_field_updates_synthetic.csv,350
350,642F537B-53B7-5165-BB1E-BF6A40C28548,2024-09-17 00:00:00.000,HARVEST,2024-09-14 00:00:00.000,2024-09-14 00:00:00.000,COMPLETED,0.0,EXCEL,SYNTHETIC — integrated V2 (fixed),operations_field_updates_synthetic.csv,351
351,EFBB7F62-2602-5E8D-82CE-EDF1E511799F,2025-05-09 00:00:00.000,SOWING,2025-05-05 00:00:00.000,2025-05-05 00:00:00.000,COMPLETED,0.0,FIELD_APP,SYNTHETIC — integrated V2 (fixed),operations_field_updates_synthetic.csv,352
352,EFBB7F62-2602-5E8D-82CE-EDF1E511799F,2025-06-09 00:00:00.000,FERTILISATION,2025-06-04 00:00:00.000,2025-06-04 00:00:00.000,COMPLETED,0.0,PAPER,SYNTHETIC — integrated V2 (fixed),operations_field_updates_synthetic.csv,353
353,EFBB7F62-2602-5E8D-82CE-EDF1E511799F,2025-07-04 00:00:00.000,IRRIGATION,2025-06-29 00:00:00.000,2025-06-29 00:00:00.000,COMPLETED,0.0,EXCEL,SYNTHETIC — integrated V2 (fixed),operations_field_updates_synthetic.csv,354
354,EFBB7F62-2602-5E8D-82CE-EDF1E511799F,2025-07-17 00:00:00.000,FUNGICIDE_SPRAY,2025-07-14 00:00:00.000,2025-07-14 00:00:00.000,COMPLETED,0.0,PAPER,SYNTHETIC — integrated V2 (fixed),operations_field_updates_synthetic.csv,355
355,EFBB7F62-2602-5E8D-82CE-EDF1E511799F,2025-10-02 00:00:00.000,HARVEST,2025-09-27 00:00:00.000,2025-09-27 00:00:00.000,COMPLETED,0.0,EXCEL,SYNTHETIC — integrated V2 (fixed),operations_field_updates_synthetic.csv,356
356,E7387432-FABF-54AF-AD48-6722FC1D2C8E,2026-05-06 00:00:00.000,SOWING,2026-04-30 00:00:00.000,2026-04-30 00:00:00.000,COMPLETED,0.0,EXCEL,SYNTHETIC — integrated V2 (fixed),operations_field_updates_synthetic.csv,357
357,E7387432-FABF-54AF-AD48-6722FC1D2C8E,2026-06-05 00:00:00.000,FERTILISATION,2026-05-30 00:00:00.000,2026-05-30 00:00:00.000,COMPLETED,0.0,PAPER,SYNTHETIC — integrated V2 (fixed),operations_field_updates_synthetic.csv,358
358,E7387432-FABF-54AF-AD48-6722FC1D2C8E,2026-06-29 00:00:00.000,IRRIGATION,2026-06-24 00:00:00.000,2026-06-24 00:00:00.000,COMPLETED,0.0,FIELD_APP,SYNTHETIC — integrated V2 (fixed),operations_field_updates_synthetic.csv,359
359,E7387432-FABF-54AF-AD48-6722FC1D2C8E,2026-07-14 00:00:00.000,FUNGICIDE_SPRAY,2026-07-09 00:00:00.000,2026-07-09 00:00:00.000,COMPLETED,0.0,FIELD_APP,SYNTHETIC — integrated V2 (fixed),operations_field_updates_synthetic.csv,360
360,E7387432-FABF-54AF-AD48-6722FC1D2C8E,2026-09-25 00:00:00.000,HARVEST,2026-09-22 00:00:00.000,2026-09-22 00:00:00.000,COMPLETED,0.0,FIELD_APP,SYNTHETIC — integrated V2 (fixed),operations_field_updates_synthetic.csv,361
