table,column,level,count,share
germplasm,GERMPLASM_GEOGRAPHIC_ORIGIN,NAM,41,0.273
germplasm,GERMPLASM_GEOGRAPHIC_ORIGIN,APAC,39,0.26
germplasm,GERMPLASM_GEOGRAPHIC_ORIGIN,EU,35,0.233
germplasm,GERMPLASM_GEOGRAPHIC_ORIGIN,LATAM,35,0.233
germplasm,GENERATION_CODE,DH,32,0.213
germplasm,GENERATION_CODE,F1,30,0.2
germplasm,GENERATION_CODE,F2,30,0.2
germplasm,GENERATION_CODE,BC1,30,0.2
germplasm,GENERATION_CODE,S1,28,0.187
germplasm,KERNEL_CATEGORY_LID,FLINT,56,0.373
germplasm,KERNEL_CATEGORY_LID,DENT,55,0.367
germplasm,KERNEL_CATEGORY_LID,OTHER,39,0.26
germplasm,POLLINATION_TYPE_LID,Self,55,0.367
germplasm,POLLINATION_TYPE_LID,Dihap,52,0.347
germplasm,POLLINATION_TYPE_LID,Cross,43,0.287
germplasm,STAGE_CODE_LID,S3,47,0.313
germplasm,STAGE_CODE_LID,DEV,40,0.267
germplasm,STAGE_CODE_LID,S1,35,0.233
germplasm,STAGE_CODE_LID,S2,28,0.187
germplasm,STATUS_LID,ACT,99,0.66
germplasm,STATUS_LID,DEV,51,0.34
germplasm,GARF_INTENDED_USE_LID,RESEARCH,89,0.593
germplasm,GARF_INTENDED_USE_LID,BREEDING,61,0.407
germplasm,ADVANCEMENT_DECISION,HOLD,58,0.387
germplasm,ADVANCEMENT_DECISION,DISCARD,57,0.38
germplasm,ADVANCEMENT_DECISION,ADVANCE,35,0.233
trial,STATUS_LID,PLANNED,33,0.458
trial,STATUS_LID,COMPLETE,25,0.347
trial,STATUS_LID,ACTIVE,14,0.194
trial,TRIAL_TYPE_LID,YIELD,28,0.389
trial,TRIAL_TYPE_LID,DISEASE,25,0.347
trial,TRIAL_TYPE_LID,QUALITY,19,0.264
trial,NO_OF_REPLICATIONS,4,31,0.431
trial,NO_OF_REPLICATIONS,3,25,0.347
trial,NO_OF_REPLICATIONS,2,16,0.222
trial,START_YEAR,2024,29,0.403
trial,START_YEAR,2026,23,0.319
trial,START_YEAR,2025,20,0.278
trial,KIKKER_APPROVAL,APPROVED,27,0.375
trial,KIKKER_APPROVAL,(missing),26,0.361
trial,KIKKER_APPROVAL,PENDING,19,0.264
observation,QUALITY_FLAG_LID,ACCEPTED,624,0.867
observation,QUALITY_FLAG_LID,REVIEW,81,0.112
observation,QUALITY_FLAG_LID,REJECTED,15,0.021
observation,OBSERVATION_METHOD_LID,WEIGHING,245,0.34
observation,OBSERVATION_METHOD_LID,INSTRUMENT,244,0.339
observation,OBSERVATION_METHOD_LID,FIELD_VISUAL,231,0.321
