MATERIAL_GUID,MATERIAL_ID,GENOMIC_BREEDING_VALUE,MARKER_DISEASE_RESISTANCE,MARKER_YIELD_POTENTIAL,MARKER_DROUGHT_TOLERANCE,MARKER_MATURITY,QC_STATUS_LID,Lab trait ...01,Lab trait ...02,Lab trait ...03,Lab trait ...04,n_trials,n_operations,n_lab
1FC9E916-899C-6A96-0000-000000000001,SYN-MZ-00001,96.7,SUSCEPTIBLE,MEDIUM,FAVOURABLE,EARLY,PASS,17.28,,8.3,,5,1,3
1FC9E916-899C-6A96-0000-000000000002,SYN-MZ-00002,118.8,RESISTANT,MEDIUM,NEUTRAL,EARLY,PASS,,10.075,,17.67,5,2,3
1FC9E916-899C-6A96-0000-000000000003,SYN-MZ-00003,106.0,INTERMEDIATE,HIGH,FAVOURABLE,EARLY,PASS,8.65,,14.695,,5,1,3
1FC9E916-899C-6A96-0000-000000000004,SYN-MZ-00004,112.2,INTERMEDIATE,HIGH,FAVOURABLE,LATE,PASS,,11.4,,9.530000000000001,5,1,3
1FC9E916-899C-6A96-0000-000000000005,SYN-MZ-00005,107.2,SUSCEPTIBLE,HIGH,FAVOURABLE,MID,PASS,12.985,,10.06,,5,2,3
1FC9E916-899C-6A96-0000-000000000006,SYN-MZ-00006,122.2,RESISTANT,HIGH,UNFAVOURABLE,MID,PASS,,16.715,,5.01,5,2,3
1FC9E916-899C-6A96-0000-000000000007,SYN-MZ-00007,96.3,RESISTANT,LOW,FAVOURABLE,EARLY,PASS,14.18,,10.445,,5,1,3
1FC9E916-899C-6A96-0000-000000000008,SYN-MZ-00008,106.4,SUSCEPTIBLE,HIGH,FAVOURABLE,EARLY,PASS,,9.88,,12.375,5,2,3
1FC9E916-899C-6A96-0000-000000000009,SYN-MZ-00009,111.2,INTERMEDIATE,HIGH,UNFAVOURABLE,MID,PASS,8.035,,14.93,,5,2,3
1FC9E916-899C-6A96-0000-00000000000A,SYN-MZ-00010,77.3,SUSCEPTIBLE,LOW,NEUTRAL,MID,PASS,,14.815000000000001,,1.03,5,1,3
1FC9E916-899C-6A96-0000-00000000000B,SYN-MZ-00011,91.5,RESISTANT,LOW,FAVOURABLE,LATE,PASS,3.49,,10.545,,5,1,3
1FC9E916-899C-6A96-0000-00000000000C,SYN-MZ-00012,99.5,SUSCEPTIBLE,HIGH,FAVOURABLE,EARLY,PASS,,17.17,,1.9649999999999999,5,2,3
1FC9E916-899C-6A96-0000-00000000000D,SYN-MZ-00013,104.1,RESISTANT,MEDIUM,NEUTRAL,LATE,PASS,13.66,,10.92,,5,2,3
1FC9E916-899C-6A96-0000-00000000000E,SYN-MZ-00014,84.7,SUSCEPTIBLE,LOW,UNFAVOURABLE,MID,PASS,,9.785,,2.86,5,1,3
1FC9E916-899C-6A96-0000-00000000000F,SYN-MZ-00015,112.0,SUSCEPTIBLE,HIGH,FAVOURABLE,LATE,PASS,7.65,,18.740000000000002,,5,2,3
1FC9E916-899C-6A96-0000-000000000010,SYN-MZ-00016,101.3,SUSCEPTIBLE,HIGH,FAVOURABLE,MID,PASS,,3.79,,13.58,5,2,3
1FC9E916-899C-6A96-0000-000000000011,SYN-MZ-00017,102.9,RESISTANT,MEDIUM,FAVOURABLE,EARLY,PASS,7.15,,7.79,,5,1,3
1FC9E916-899C-6A96-0000-000000000012,SYN-MZ-00018,113.3,RESISTANT,HIGH,FAVOURABLE,MID,PASS,,3.62,,18.41,5,1,3
1FC9E916-899C-6A96-0000-000000000013,SYN-MZ-00019,108.0,RESISTANT,MEDIUM,FAVOURABLE,LATE,PASS,11.89,,6.875,,5,2,3
1FC9E916-899C-6A96-0000-000000000014,SYN-MZ-00020,81.6,SUSCEPTIBLE,LOW,FAVOURABLE,EARLY,PASS,,13.66,,6.62,5,1,3
1FC9E916-899C-6A96-0000-000000000015,SYN-MZ-00021,108.9,RESISTANT,MEDIUM,UNFAVOURABLE,MID,PASS,14.725,,11.23,,5,1,3
1FC9E916-899C-6A96-0000-000000000016,SYN-MZ-00022,121.4,RESISTANT,HIGH,UNFAVOURABLE,EARLY,PASS,,11.67,,18.13,5,2,3
1FC9E916-899C-6A96-0000-000000000017,SYN-MZ-00023,117.6,RESISTANT,HIGH,FAVOURABLE,MID,PASS,12.2,,9.75,,5,2,3
1FC9E916-899C-6A96-0000-000000000018,SYN-MZ-00024,84.7,SUSCEPTIBLE,LOW,NEUTRAL,MID,PASS,,4.05,,7.120000000000001,5,1,3
1FC9E916-899C-6A96-0000-000000000019,SYN-MZ-00025,91.3,RESISTANT,LOW,NEUTRAL,LATE,PASS,12.43,,10.87,,5,1,3
1FC9E916-899C-6A96-0000-00000000001A,SYN-MZ-00026,120.2,RESISTANT,HIGH,NEUTRAL,MID,PASS,,8.035,,17.75,5,2,3
1FC9E916-899C-6A96-0000-00000000001B,SYN-MZ-00027,117.5,RESISTANT,HIGH,NEUTRAL,EARLY,PASS,12.32,,13.745000000000001,,5,1,3
1FC9E916-899C-6A96-0000-00000000001C,SYN-MZ-00028,76.6,SUSCEPTIBLE,LOW,FAVOURABLE,EARLY,PASS,,19.82,,15.965,5,1,3
1FC9E916-899C-6A96-0000-00000000001D,SYN-MZ-00029,106.5,INTERMEDIATE,MEDIUM,FAVOURABLE,EARLY,PASS,5.25,,12.39,,5,2,3
1FC9E916-899C-6A96-0000-00000000001E,SYN-MZ-00030,123.5,RESISTANT,HIGH,FAVOURABLE,LATE,PASS,,8.85,,6.85,5,2,3
1FC9E916-899C-6A96-0000-00000000001F,SYN-MZ-00031,122.7,RESISTANT,HIGH,UNFAVOURABLE,LATE,PASS,9.22,,12.915,,5,1,3
1FC9E916-899C-6A96-0000-000000000020,SYN-MZ-00032,120.7,RESISTANT,HIGH,FAVOURABLE,LATE,PASS,,9.5,,10.995000000000001,5,1,3
1FC9E916-899C-6A96-0000-000000000021,SYN-MZ-00033,103.8,INTERMEDIATE,MEDIUM,NEUTRAL,MID,PASS,8.735,,16.42,,5,2,3
1FC9E916-899C-6A96-0000-000000000022,SYN-MZ-00034,98.8,INTERMEDIATE,MEDIUM,FAVOURABLE,MID,PASS,,15.15,,14.85,5,1,3
1FC9E916-899C-6A96-0000-000000000023,SYN-MZ-00035,119.0,RESISTANT,MEDIUM,FAVOURABLE,EARLY,PASS,19.58,,2.52,,5,1,3
1FC9E916-899C-6A96-0000-000000000024,SYN-MZ-00036,114.8,RESISTANT,HIGH,NEUTRAL,MID,PASS,,1.02,,5.635,5,2,3
1FC9E916-899C-6A96-0000-000000000025,SYN-MZ-00037,110.3,INTERMEDIATE,MEDIUM,FAVOURABLE,MID,PASS,6.735,,17.75,,5,2,3
1FC9E916-899C-6A96-0000-000000000026,SYN-MZ-00038,95.6,RESISTANT,LOW,NEUTRAL,MID,PASS,,9.925,,9.55,5,1,3
1FC9E916-899C-6A96-0000-000000000027,SYN-MZ-00039,107.8,INTERMEDIATE,MEDIUM,FAVOURABLE,EARLY,PASS,14.1,,7.210000000000001,,5,1,3
1FC9E916-899C-6A96-0000-000000000028,SYN-MZ-00040,95.2,INTERMEDIATE,LOW,FAVOURABLE,MID,PASS,,16.84,,8.395,5,2,3
1FC9E916-899C-6A96-0000-000000000029,SYN-MZ-00041,112.6,SUSCEPTIBLE,HIGH,NEUTRAL,LATE,PASS,7.915,,2.54,,5,1,3
1FC9E916-899C-6A96-0000-00000000002A,SYN-MZ-00042,83.8,SUSCEPTIBLE,MEDIUM,FAVOURABLE,LATE,PASS,,17.295,,15.45,5,1,3
1FC9E916-899C-6A96-0000-00000000002B,SYN-MZ-00043,120.2,INTERMEDIATE,HIGH,NEUTRAL,MID,PASS,6.68,,10.535,,5,2,3
1FC9E916-899C-6A96-0000-00000000002C,SYN-MZ-00044,115.5,RESISTANT,HIGH,UNFAVOURABLE,LATE,PASS,,10.69,,9.36,5,2,3
1FC9E916-899C-6A96-0000-00000000002D,SYN-MZ-00045,98.6,RESISTANT,MEDIUM,FAVOURABLE,LATE,PASS,1.7599999999999998,,12.54,,5,1,3
1FC9E916-899C-6A96-0000-00000000002E,SYN-MZ-00046,115.3,RESISTANT,HIGH,FAVOURABLE,MID,PASS,,7.23,,4.66,5,1,3
1FC9E916-899C-6A96-0000-00000000002F,SYN-MZ-00047,117.2,RESISTANT,HIGH,FAVOURABLE,MID,PASS,10.38,,3.0250000000000004,,5,2,3
1FC9E916-899C-6A96-0000-000000000030,SYN-MZ-00048,112.2,INTERMEDIATE,HIGH,UNFAVOURABLE,EARLY,PASS,,4.19,,17.465,5,1,3
1FC9E916-899C-6A96-0000-000000000031,SYN-MZ-00049,105.4,RESISTANT,MEDIUM,FAVOURABLE,EARLY,PASS,15.395,,11.63,,5,1,3
1FC9E916-899C-6A96-0000-000000000032,SYN-MZ-00050,108.1,INTERMEDIATE,HIGH,FAVOURABLE,MID,PASS,,14.855,,8.66,5,2,3
1FC9E916-899C-6A96-0000-000000000033,SYN-MZ-00051,95.7,RESISTANT,MEDIUM,UNFAVOURABLE,MID,PASS,3.16,,8.765,,5,2,3
1FC9E916-899C-6A96-0000-000000000034,SYN-MZ-00052,87.2,INTERMEDIATE,LOW,FAVOURABLE,EARLY,PASS,,6.7,,13.66,5,1,3
1FC9E916-899C-6A96-0000-000000000035,SYN-MZ-00053,89.3,SUSCEPTIBLE,MEDIUM,NEUTRAL,EARLY,PASS,13.759999999999998,,7.43,,5,1,3
1FC9E916-899C-6A96-0000-000000000036,SYN-MZ-00054,118.7,RESISTANT,HIGH,FAVOURABLE,MID,PASS,,11.620000000000001,,1.33,5,2,3
1FC9E916-899C-6A96-0000-000000000037,SYN-MZ-00055,105.8,SUSCEPTIBLE,HIGH,UNFAVOURABLE,EARLY,PASS,11.55,,13.535,,5,1,3
1FC9E916-899C-6A96-0000-000000000038,SYN-MZ-00056,106.5,INTERMEDIATE,MEDIUM,UNFAVOURABLE,EARLY,PASS,,6.43,,13.07,5,1,3
1FC9E916-899C-6A96-0000-000000000039,SYN-MZ-00057,88.6,SUSCEPTIBLE,MEDIUM,UNFAVOURABLE,LATE,PASS,14.475000000000001,,2.08,,5,2,3
1FC9E916-899C-6A96-0000-00000000003A,SYN-MZ-00058,109.3,INTERMEDIATE,MEDIUM,FAVOURABLE,LATE,PASS,,8.085,,1.34,5,2,3
1FC9E916-899C-6A96-0000-00000000003B,SYN-MZ-00059,94.6,INTERMEDIATE,LOW,FAVOURABLE,LATE,PASS,8.41,,4.45,,5,1,3
1FC9E916-899C-6A96-0000-00000000003C,SYN-MZ-00060,90.6,INTERMEDIATE,LOW,NEUTRAL,MID,PASS,,17.74,,12.389999999999999,5,1,3
1FC9E916-899C-6A96-0000-00000000003D,SYN-MZ-00061,107.0,INTERMEDIATE,HIGH,FAVOURABLE,MID,PASS,19.79,,11.44,,5,2,2
1FC9E916-899C-6A96-0000-00000000003E,SYN-MZ-00062,97.0,RESISTANT,LOW,UNFAVOURABLE,MID,PASS,,3.87,,3.97,5,1,2
1FC9E916-899C-6A96-0000-00000000003F,SYN-MZ-00063,94.6,INTERMEDIATE,LOW,FAVOURABLE,EARLY,PASS,8.8,,2.5,,5,1,2
1FC9E916-899C-6A96-0000-000000000040,SYN-MZ-00064,106.3,INTERMEDIATE,MEDIUM,UNFAVOURABLE,MID,PASS,,13.38,,3.09,5,2,2
1FC9E916-899C-6A96-0000-000000000041,SYN-MZ-00065,111.5,INTERMEDIATE,HIGH,FAVOURABLE,MID,PASS,9.57,,5.52,,5,2,2
1FC9E916-899C-6A96-0000-000000000042,SYN-MZ-00066,115.4,INTERMEDIATE,HIGH,FAVOURABLE,MID,PASS,,7.14,,3.86,5,1,2
1FC9E916-899C-6A96-0000-000000000043,SYN-MZ-00067,106.1,SUSCEPTIBLE,HIGH,FAVOURABLE,MID,PASS,16.48,,12.69,,5,1,2
1FC9E916-899C-6A96-0000-000000000044,SYN-MZ-00068,106.9,RESISTANT,MEDIUM,FAVOURABLE,MID,PASS,,3.9,,2.38,5,2,2
1FC9E916-899C-6A96-0000-000000000045,SYN-MZ-00069,101.2,INTERMEDIATE,MEDIUM,FAVOURABLE,MID,PASS,16.07,,14.65,,5,1,2
1FC9E916-899C-6A96-0000-000000000046,SYN-MZ-00070,106.2,RESISTANT,MEDIUM,FAVOURABLE,EARLY,PASS,,16.46,,18.14,5,1,2
1FC9E916-899C-6A96-0000-000000000047,SYN-MZ-00071,111.9,INTERMEDIATE,HIGH,UNFAVOURABLE,LATE,PASS,17.63,,1.24,,5,2,2
1FC9E916-899C-6A96-0000-000000000048,SYN-MZ-00072,112.0,INTERMEDIATE,HIGH,UNFAVOURABLE,LATE,PASS,,8.59,,3.18,5,2,2
1FC9E916-899C-6A96-0000-000000000049,SYN-MZ-00073,98.9,SUSCEPTIBLE,HIGH,NEUTRAL,MID,PASS,14.48,,13.52,,5,1,2
1FC9E916-899C-6A96-0000-00000000004A,SYN-MZ-00074,82.3,SUSCEPTIBLE,LOW,FAVOURABLE,MID,PASS,,9.03,,4.56,5,1,2
1FC9E916-899C-6A96-0000-00000000004B,SYN-MZ-00075,110.5,INTERMEDIATE,HIGH,NEUTRAL,MID,PASS,19.99,,15.48,,5,2,2
1FC9E916-899C-6A96-0000-00000000004C,SYN-MZ-00076,101.8,INTERMEDIATE,MEDIUM,NEUTRAL,MID,PASS,,11.1,,10.5,5,1,2
1FC9E916-899C-6A96-0000-00000000004D,SYN-MZ-00077,110.9,RESISTANT,MEDIUM,UNFAVOURABLE,LATE,PASS,7.05,,4.46,,5,1,2
1FC9E916-899C-6A96-0000-00000000004E,SYN-MZ-00078,107.9,SUSCEPTIBLE,HIGH,FAVOURABLE,MID,PASS,,8.39,,18.49,5,2,2
1FC9E916-899C-6A96-0000-00000000004F,SYN-MZ-00079,96.9,INTERMEDIATE,MEDIUM,FAVOURABLE,MID,PASS,13.19,,14.1,,5,2,2
1FC9E916-899C-6A96-0000-000000000050,SYN-MZ-00080,101.2,SUSCEPTIBLE,HIGH,FAVOURABLE,EARLY,PASS,,8.65,,17.05,5,1,2
1FC9E916-899C-6A96-0000-000000000051,SYN-MZ-00081,92.8,SUSCEPTIBLE,MEDIUM,FAVOURABLE,MID,PASS,14.65,,12.38,,5,1,2
1FC9E916-899C-6A96-0000-000000000052,SYN-MZ-00082,100.7,SUSCEPTIBLE,MEDIUM,UNFAVOURABLE,MID,PASS,,17.72,,7.14,5,2,2
1FC9E916-899C-6A96-0000-000000000053,SYN-MZ-00083,110.5,RESISTANT,MEDIUM,NEUTRAL,LATE,PASS,10.3,,19.37,,5,1,2
1FC9E916-899C-6A96-0000-000000000054,SYN-MZ-00084,115.0,INTERMEDIATE,HIGH,UNFAVOURABLE,LATE,PASS,,6.84,,11.17,5,1,2
1FC9E916-899C-6A96-0000-000000000055,SYN-MZ-00085,89.1,SUSCEPTIBLE,MEDIUM,FAVOURABLE,MID,PASS,15.44,,17.75,,5,2,2
1FC9E916-899C-6A96-0000-000000000056,SYN-MZ-00086,114.2,RESISTANT,HIGH,NEUTRAL,MID,PASS,,2.86,,11.92,5,2,2
1FC9E916-899C-6A96-0000-000000000057,SYN-MZ-00087,116.0,INTERMEDIATE,HIGH,NEUTRAL,EARLY,PASS,10.72,,14.76,,5,1,2
1FC9E916-899C-6A96-0000-000000000058,SYN-MZ-00088,118.3,RESISTANT,HIGH,NEUTRAL,LATE,PASS,,3.34,,9.6,5,1,2
1FC9E916-899C-6A96-0000-000000000059,SYN-MZ-00089,127.0,RESISTANT,HIGH,UNFAVOURABLE,MID,PASS,2.21,,10.4,,5,2,2
1FC9E916-899C-6A96-0000-00000000005A,SYN-MZ-00090,114.1,RESISTANT,HIGH,UNFAVOURABLE,MID,PASS,,12.47,,9.54,5,1,2
1FC9E916-899C-6A96-0000-00000000005B,SYN-MZ-00091,107.1,SUSCEPTIBLE,HIGH,NEUTRAL,MID,PASS,12.58,,11.71,,5,1,2
1FC9E916-899C-6A96-0000-00000000005C,SYN-MZ-00092,104.0,INTERMEDIATE,HIGH,FAVOURABLE,MID,PASS,,14.31,,17.77,5,2,2
1FC9E916-899C-6A96-0000-00000000005D,SYN-MZ-00093,106.2,INTERMEDIATE,HIGH,NEUTRAL,EARLY,PASS,6.49,,17.57,,5,2,2
1FC9E916-899C-6A96-0000-00000000005E,SYN-MZ-00094,88.7,INTERMEDIATE,LOW,NEUTRAL,MID,PASS,,1.61,,14.16,5,1,2
1FC9E916-899C-6A96-0000-00000000005F,SYN-MZ-00095,108.4,RESISTANT,HIGH,UNFAVOURABLE,MID,PASS,13.69,,16.75,,5,1,2
1FC9E916-899C-6A96-0000-000000000060,SYN-MZ-00096,114.6,RESISTANT,HIGH,FAVOURABLE,EARLY,PASS,,17.23,,11.6,5,2,2
1FC9E916-899C-6A96-0000-000000000061,SYN-MZ-00097,114.1,RESISTANT,HIGH,FAVOURABLE,EARLY,PASS,8.68,,4.62,,5,1,2
1FC9E916-899C-6A96-0000-000000000062,SYN-MZ-00098,101.1,RESISTANT,MEDIUM,UNFAVOURABLE,EARLY,PASS,,14.42,,4.75,5,1,2
1FC9E916-899C-6A96-0000-000000000063,SYN-MZ-00099,127.9,RESISTANT,HIGH,NEUTRAL,MID,PASS,16.56,,14.4,,5,2,2
1FC9E916-899C-6A96-0000-000000000064,SYN-MZ-00100,82.8,INTERMEDIATE,LOW,UNFAVOURABLE,EARLY,PASS,,3.79,,11.22,5,2,2
1FC9E916-899C-6A96-0000-000000000065,SYN-MZ-00101,97.2,INTERMEDIATE,LOW,FAVOURABLE,LATE,PASS,7.84,,13.15,,5,1,2
1FC9E916-899C-6A96-0000-000000000066,SYN-MZ-00102,115.9,INTERMEDIATE,HIGH,UNFAVOURABLE,LATE,PASS,,8.7,,12.54,5,1,2
1FC9E916-899C-6A96-0000-000000000067,SYN-MZ-00103,94.8,RESISTANT,LOW,NEUTRAL,MID,PASS,1.06,,5.03,,5,2,2
1FC9E916-899C-6A96-0000-000000000068,SYN-MZ-00104,94.7,RESISTANT,LOW,NEUTRAL,EARLY,PASS,,16.3,,5.1,5,1,2
1FC9E916-899C-6A96-0000-000000000069,SYN-MZ-00105,105.0,RESISTANT,MEDIUM,NEUTRAL,EARLY,PASS,13.8,,11.19,,5,1,2
1FC9E916-899C-6A96-0000-00000000006A,SYN-MZ-00106,104.8,SUSCEPTIBLE,HIGH,NEUTRAL,EARLY,PASS,,1.17,,15.56,5,2,2
1FC9E916-899C-6A96-0000-00000000006B,SYN-MZ-00107,122.2,RESISTANT,HIGH,FAVOURABLE,LATE,PASS,6.25,,5.8,,5,2,2
1FC9E916-899C-6A96-0000-00000000006C,SYN-MZ-00108,88.5,SUSCEPTIBLE,LOW,NEUTRAL,EARLY,PASS,,16.65,,11.25,5,1,2
1FC9E916-899C-6A96-0000-00000000006D,SYN-MZ-00109,107.4,SUSCEPTIBLE,HIGH,FAVOURABLE,MID,PASS,6.65,,12.17,,5,1,2
1FC9E916-899C-6A96-0000-00000000006E,SYN-MZ-00110,119.2,RESISTANT,HIGH,UNFAVOURABLE,EARLY,PASS,,10.14,,11.52,5,2,2
1FC9E916-899C-6A96-0000-00000000006F,SYN-MZ-00111,106.9,INTERMEDIATE,HIGH,FAVOURABLE,MID,PASS,18.65,,18.71,,5,1,2
1FC9E916-899C-6A96-0000-000000000070,SYN-MZ-00112,96.9,INTERMEDIATE,MEDIUM,NEUTRAL,EARLY,PASS,,19.44,,18.55,5,1,2
1FC9E916-899C-6A96-0000-000000000071,SYN-MZ-00113,112.4,RESISTANT,MEDIUM,NEUTRAL,LATE,PASS,5.63,,8.24,,5,2,2
1FC9E916-899C-6A96-0000-000000000072,SYN-MZ-00114,116.0,RESISTANT,HIGH,FAVOURABLE,EARLY,PASS,,10.64,,5.4,5,2,2
1FC9E916-899C-6A96-0000-000000000073,SYN-MZ-00115,111.4,RESISTANT,HIGH,FAVOURABLE,LATE,PASS,10.59,,11.73,,5,1,2
1FC9E916-899C-6A96-0000-000000000074,SYN-MZ-00116,92.2,INTERMEDIATE,LOW,NEUTRAL,LATE,PASS,,4.33,,13.08,5,1,2
1FC9E916-899C-6A96-0000-000000000075,SYN-MZ-00117,113.5,RESISTANT,HIGH,FAVOURABLE,MID,PASS,7.45,,6.98,,5,2,2
1FC9E916-899C-6A96-0000-000000000076,SYN-MZ-00118,79.7,SUSCEPTIBLE,LOW,NEUTRAL,MID,PASS,,18.34,,6.84,5,1,2
1FC9E916-899C-6A96-0000-000000000077,SYN-MZ-00119,93.3,SUSCEPTIBLE,MEDIUM,UNFAVOURABLE,EARLY,PASS,1.75,,11.43,,5,1,2
1FC9E916-899C-6A96-0000-000000000078,SYN-MZ-00120,86.0,SUSCEPTIBLE,LOW,FAVOURABLE,MID,PASS,,18.3,,3.79,5,2,2
1FC9E916-899C-6A96-0000-000000000079,SYN-MZ-00121,114.9,INTERMEDIATE,HIGH,NEUTRAL,MID,PASS,16.64,,7.83,,4,2,2
1FC9E916-899C-6A96-0000-00000000007A,SYN-MZ-00122,93.3,RESISTANT,LOW,FAVOURABLE,MID,PASS,,13.5,,13.5,4,1,2
1FC9E916-899C-6A96-0000-00000000007B,SYN-MZ-00123,96.3,INTERMEDIATE,LOW,FAVOURABLE,MID,PASS,7.12,,7.83,,4,1,2
1FC9E916-899C-6A96-0000-00000000007C,SYN-MZ-00124,94.7,RESISTANT,LOW,NEUTRAL,MID,PASS,,3.33,,2.07,4,2,2
1FC9E916-899C-6A96-0000-00000000007D,SYN-MZ-00125,100.1,RESISTANT,LOW,FAVOURABLE,MID,PASS,5.59,,13.23,,4,1,2
1FC9E916-899C-6A96-0000-00000000007E,SYN-MZ-00126,116.4,RESISTANT,HIGH,NEUTRAL,EARLY,PASS,,3.12,,16.2,4,1,2
1FC9E916-899C-6A96-0000-00000000007F,SYN-MZ-00127,94.5,RESISTANT,LOW,UNFAVOURABLE,LATE,PASS,5.46,,17.0,,4,2,2
1FC9E916-899C-6A96-0000-000000000080,SYN-MZ-00128,128.3,RESISTANT,HIGH,FAVOURABLE,MID,PASS,,19.53,,1.87,4,2,2
1FC9E916-899C-6A96-0000-000000000081,SYN-MZ-00129,98.6,INTERMEDIATE,MEDIUM,FAVOURABLE,EARLY,PASS,5.02,,1.54,,4,1,2
1FC9E916-899C-6A96-0000-000000000082,SYN-MZ-00130,118.1,RESISTANT,HIGH,FAVOURABLE,EARLY,PASS,,5.64,,1.3,4,1,2
1FC9E916-899C-6A96-0000-000000000083,SYN-MZ-00131,94.1,RESISTANT,LOW,FAVOURABLE,LATE,PASS,14.52,,15.3,,4,2,2
1FC9E916-899C-6A96-0000-000000000084,SYN-MZ-00132,102.8,INTERMEDIATE,HIGH,NEUTRAL,MID,PASS,,17.0,,8.03,4,1,2
1FC9E916-899C-6A96-0000-000000000085,SYN-MZ-00133,113.4,INTERMEDIATE,HIGH,NEUTRAL,MID,PASS,8.34,,13.95,,4,1,2
1FC9E916-899C-6A96-0000-000000000086,SYN-MZ-00134,93.3,SUSCEPTIBLE,MEDIUM,FAVOURABLE,MID,PASS,,4.01,,16.55,4,2,2
1FC9E916-899C-6A96-0000-000000000087,SYN-MZ-00135,100.7,INTERMEDIATE,MEDIUM,NEUTRAL,MID,PASS,6.41,,3.11,,4,2,2
1FC9E916-899C-6A96-0000-000000000088,SYN-MZ-00136,118.2,RESISTANT,HIGH,FAVOURABLE,MID,PASS,,12.5,,10.2,4,1,2
1FC9E916-899C-6A96-0000-000000000089,SYN-MZ-00137,85.9,INTERMEDIATE,LOW,NEUTRAL,EARLY,PASS,16.82,,4.43,,4,1,2
1FC9E916-899C-6A96-0000-00000000008A,SYN-MZ-00138,110.1,RESISTANT,MEDIUM,UNFAVOURABLE,MID,PASS,,3.51,,2.25,4,2,2
1FC9E916-899C-6A96-0000-00000000008B,SYN-MZ-00139,111.9,SUSCEPTIBLE,HIGH,UNFAVOURABLE,EARLY,PASS,2.28,,13.4,,4,1,2
1FC9E916-899C-6A96-0000-00000000008C,SYN-MZ-00140,79.2,SUSCEPTIBLE,LOW,FAVOURABLE,MID,PASS,,7.31,,5.62,4,1,2
1FC9E916-899C-6A96-0000-00000000008D,SYN-MZ-00141,105.4,INTERMEDIATE,MEDIUM,FAVOURABLE,MID,PASS,12.52,,7.11,,4,2,2
1FC9E916-899C-6A96-0000-00000000008E,SYN-MZ-00142,96.3,RESISTANT,LOW,NEUTRAL,LATE,PASS,,16.16,,18.88,4,2,2
1FC9E916-899C-6A96-0000-00000000008F,SYN-MZ-00143,79.4,RESISTANT,LOW,UNFAVOURABLE,EARLY,PASS,7.44,,9.03,,4,1,2
1FC9E916-899C-6A96-0000-000000000090,SYN-MZ-00144,84.2,SUSCEPTIBLE,LOW,FAVOURABLE,MID,PASS,,9.3,,2.07,4,1,2
1FC9E916-899C-6A96-0000-000000000091,SYN-MZ-00145,110.8,RESISTANT,HIGH,FAVOURABLE,MID,PASS,2.49,,17.48,,4,2,2
1FC9E916-899C-6A96-0000-000000000092,SYN-MZ-00146,92.1,INTERMEDIATE,LOW,FAVOURABLE,MID,PASS,,13.31,,4.27,4,1,2
1FC9E916-899C-6A96-0000-000000000093,SYN-MZ-00147,83.5,SUSCEPTIBLE,LOW,NEUTRAL,MID,PASS,9.43,,16.8,,4,1,2
1FC9E916-899C-6A96-0000-000000000094,SYN-MZ-00148,118.7,INTERMEDIATE,HIGH,FAVOURABLE,MID,PASS,,16.58,,11.77,4,2,2
1FC9E916-899C-6A96-0000-000000000095,SYN-MZ-00149,86.3,INTERMEDIATE,LOW,UNFAVOURABLE,MID,PASS,19.21,,7.45,,4,2,2
1FC9E916-899C-6A96-0000-000000000096,SYN-MZ-00150,96.3,INTERMEDIATE,MEDIUM,FAVOURABLE,LATE,PASS,,6.9,,15.69,4,1,2
