group,count,missing,mean,std,min,25%,50%,75%,max
YIELD_T_HA [t/ha],72.0,0,9.638,2.308,5.52,7.652,9.975,11.325,13.45
MOISTURE_PCT [%],72.0,0,19.525,3.922,13.2,16.1,18.9,22.575,26.5
DISEASE_SCORE [score],72.0,0,5.024,2.478,1.1,2.6,5.8,7.425,8.4
GENOMIC_BREEDING_VALUE_MEAN [index],72.0,0,104.142,3.954,95.3,100.8,105.2,106.8,109.8
RESISTANT_MATERIAL_PCT [%],72.0,0,41.944,16.414,10.0,30.0,50.0,50.0,70.0
PLANT_HEIGHT_CM [cm],72.0,0,222.838,38.516,156.1,191.1,224.0,253.25,295.5
FLOWERING_DAYS [days],72.0,0,68.792,12.196,50.0,58.75,67.5,80.0,90.0
GENOMIC_BREEDING_VALUE,150.0,0,104.001,12.009,76.6,94.9,106.15,113.375,128.3
QC_CALL_RATE_PCT,150.0,0,97.015,1.747,94.1,95.65,96.8,98.775,99.9
LAB 01,90.0,0,10.526,5.367,1.06,6.658,10.395,14.55,19.99
LAB 02,90.0,0,10.546,5.643,1.02,6.1,10.37,16.123,19.82
LAB 03,90.0,0,10.529,5.339,1.24,6.595,11.21,14.62,19.86
LAB 04,90.0,0,9.864,5.768,1.03,4.682,9.9,15.3,19.98
