TRIAL_GUID,TRIAL_ID,trait,supplied,plot_mean,n_plots,accepted_mean,match
515759EC-ECE3-E30C-0000-000000000001,SYN-TR-0001,DISEASE_SCORE,7.7,7.4,2,7.4,False
515759EC-ECE3-E30C-0000-000000000002,SYN-TR-0002,DISEASE_SCORE,4.9,6.2,2,6.2,False
515759EC-ECE3-E30C-0000-000000000003,SYN-TR-0003,DISEASE_SCORE,3.3,7.0,2,7.0,False
515759EC-ECE3-E30C-0000-000000000004,SYN-TR-0004,DISEASE_SCORE,7.2,3.6,2,3.6,False
515759EC-ECE3-E30C-0000-000000000005,SYN-TR-0005,DISEASE_SCORE,5.8,2.85,2,1.3,False
515759EC-ECE3-E30C-0000-000000000006,SYN-TR-0006,DISEASE_SCORE,8.4,5.15,2,5.15,False
515759EC-ECE3-E30C-0000-000000000007,SYN-TR-0007,DISEASE_SCORE,8.2,3.7,2,3.7,False
515759EC-ECE3-E30C-0000-000000000008,SYN-TR-0008,DISEASE_SCORE,8.3,4.25,2,4.25,False
515759EC-ECE3-E30C-0000-000000000009,SYN-TR-0009,DISEASE_SCORE,7.0,4.7,2,4.7,False
515759EC-ECE3-E30C-0000-00000000000A,SYN-TR-0010,DISEASE_SCORE,1.6,8.75,2,8.75,False
515759EC-ECE3-E30C-0000-00000000000B,SYN-TR-0011,DISEASE_SCORE,2.1,6.55,2,6.55,False
515759EC-ECE3-E30C-0000-00000000000C,SYN-TR-0012,DISEASE_SCORE,7.6,4.6,2,4.6,False
515759EC-ECE3-E30C-0000-00000000000D,SYN-TR-0013,DISEASE_SCORE,6.5,5.7,2,5.7,False
515759EC-ECE3-E30C-0000-00000000000E,SYN-TR-0014,DISEASE_SCORE,4.2,4.4,2,4.4,False
515759EC-ECE3-E30C-0000-00000000000F,SYN-TR-0015,DISEASE_SCORE,1.8,2.7,2,2.7,False
515759EC-ECE3-E30C-0000-000000000010,SYN-TR-0016,DISEASE_SCORE,1.2,3.35,2,4.3,False
515759EC-ECE3-E30C-0000-000000000011,SYN-TR-0017,DISEASE_SCORE,1.3,4.9,2,4.9,False
515759EC-ECE3-E30C-0000-000000000012,SYN-TR-0018,DISEASE_SCORE,3.3,7.0,2,7.0,False
515759EC-ECE3-E30C-0000-000000000013,SYN-TR-0019,DISEASE_SCORE,6.3,5.15,2,5.15,False
515759EC-ECE3-E30C-0000-000000000014,SYN-TR-0020,DISEASE_SCORE,8.0,3.75,2,3.75,False
515759EC-ECE3-E30C-0000-000000000015,SYN-TR-0021,DISEASE_SCORE,8.2,4.15,2,4.15,False
515759EC-ECE3-E30C-0000-000000000016,SYN-TR-0022,DISEASE_SCORE,3.1,5.6,2,7.0,False
515759EC-ECE3-E30C-0000-000000000017,SYN-TR-0023,DISEASE_SCORE,7.8,5.1,2,6.4,False
515759EC-ECE3-E30C-0000-000000000018,SYN-TR-0024,DISEASE_SCORE,6.7,6.85,2,6.85,False
515759EC-ECE3-E30C-0000-000000000019,SYN-TR-0025,DISEASE_SCORE,8.3,4.0,2,4.6,False
515759EC-ECE3-E30C-0000-00000000001A,SYN-TR-0026,DISEASE_SCORE,2.6,3.8,2,3.9,False
515759EC-ECE3-E30C-0000-00000000001B,SYN-TR-0027,DISEASE_SCORE,8.2,7.75,2,7.75,False
515759EC-ECE3-E30C-0000-00000000001C,SYN-TR-0028,DISEASE_SCORE,2.2,5.6,2,6.9,False
515759EC-ECE3-E30C-0000-00000000001D,SYN-TR-0029,DISEASE_SCORE,8.3,4.75,2,4.75,False
515759EC-ECE3-E30C-0000-00000000001E,SYN-TR-0030,DISEASE_SCORE,6.6,2.8,2,2.8,False
515759EC-ECE3-E30C-0000-00000000001F,SYN-TR-0031,DISEASE_SCORE,3.9,5.0,2,5.0,False
515759EC-ECE3-E30C-0000-000000000020,SYN-TR-0032,DISEASE_SCORE,6.1,5.4,2,5.4,False
515759EC-ECE3-E30C-0000-000000000021,SYN-TR-0033,DISEASE_SCORE,1.3,6.55,2,6.55,False
515759EC-ECE3-E30C-0000-000000000022,SYN-TR-0034,DISEASE_SCORE,1.5,3.6,2,5.7,False
515759EC-ECE3-E30C-0000-000000000023,SYN-TR-0035,DISEASE_SCORE,1.4,4.05,2,2.0,False
515759EC-ECE3-E30C-0000-000000000024,SYN-TR-0036,DISEASE_SCORE,2.8,4.4,2,4.4,False
515759EC-ECE3-E30C-0000-000000000025,SYN-TR-0037,DISEASE_SCORE,4.2,5.9,2,5.9,False
515759EC-ECE3-E30C-0000-000000000026,SYN-TR-0038,DISEASE_SCORE,4.9,5.8,2,7.9,False
515759EC-ECE3-E30C-0000-000000000027,SYN-TR-0039,DISEASE_SCORE,7.7,6.2,2,6.2,False
515759EC-ECE3-E30C-0000-000000000028,SYN-TR-0040,DISEASE_SCORE,2.1,3.15,2,3.15,False
515759EC-ECE3-E30C-0000-000000000029,SYN-TR-0041,DISEASE_SCORE,6.4,6.25,2,6.25,False
515759EC-ECE3-E30C-0000-00000000002A,SYN-TR-0042,DISEASE_SCORE,7.7,4.55,2,4.55,False
515759EC-ECE3-E30C-0000-00000000002B,SYN-TR-0043,DISEASE_SCORE,1.1,7.45,2,7.45,False
515759EC-ECE3-E30C-0000-00000000002C,SYN-TR-0044,DISEASE_SCORE,1.6,5.9,2,5.9,False
515759EC-ECE3-E30C-0000-00000000002D,SYN-TR-0045,DISEASE_SCORE,8.2,3.05,2,3.05,False
515759EC-ECE3-E30C-0000-00000000002E,SYN-TR-0046,DISEASE_SCORE,3.2,4.2,2,4.2,False
515759EC-ECE3-E30C-0000-00000000002F,SYN-TR-0047,DISEASE_SCORE,7.5,5.1,2,5.1,False
515759EC-ECE3-E30C-0000-000000000030,SYN-TR-0048,DISEASE_SCORE,7.6,7.5,2,7.5,False
515759EC-ECE3-E30C-0000-000000000031,SYN-TR-0049,DISEASE_SCORE,3.7,3.7,2,3.7,True
515759EC-ECE3-E30C-0000-000000000032,SYN-TR-0050,DISEASE_SCORE,1.7,7.5,2,7.5,False
515759EC-ECE3-E30C-0000-000000000033,SYN-TR-0051,DISEASE_SCORE,6.0,3.8,2,3.8,False
515759EC-ECE3-E30C-0000-000000000034,SYN-TR-0052,DISEASE_SCORE,2.5,6.45,2,6.45,False
515759EC-ECE3-E30C-0000-000000000035,SYN-TR-0053,DISEASE_SCORE,5.9,4.9,2,6.7,False
515759EC-ECE3-E30C-0000-000000000036,SYN-TR-0054,DISEASE_SCORE,7.4,4.85,2,4.85,False
515759EC-ECE3-E30C-0000-000000000037,SYN-TR-0055,DISEASE_SCORE,5.8,6.7,2,6.7,False
515759EC-ECE3-E30C-0000-000000000038,SYN-TR-0056,DISEASE_SCORE,3.3,7.2,2,7.2,False
515759EC-ECE3-E30C-0000-000000000039,SYN-TR-0057,DISEASE_SCORE,3.7,4.65,2,4.65,False
515759EC-ECE3-E30C-0000-00000000003A,SYN-TR-0058,DISEASE_SCORE,5.3,6.2,2,6.2,False
515759EC-ECE3-E30C-0000-00000000003B,SYN-TR-0059,DISEASE_SCORE,2.5,2.7,2,2.7,False
515759EC-ECE3-E30C-0000-00000000003C,SYN-TR-0060,DISEASE_SCORE,1.4,4.4,2,1.5,False
515759EC-ECE3-E30C-0000-00000000003D,SYN-TR-0061,DISEASE_SCORE,7.0,4.2,2,4.2,False
515759EC-ECE3-E30C-0000-00000000003E,SYN-TR-0062,DISEASE_SCORE,3.2,4.7,2,4.7,False
515759EC-ECE3-E30C-0000-00000000003F,SYN-TR-0063,DISEASE_SCORE,5.9,1.6,2,1.6,False
515759EC-ECE3-E30C-0000-000000000040,SYN-TR-0064,DISEASE_SCORE,6.0,2.8,2,2.8,False
515759EC-ECE3-E30C-0000-000000000041,SYN-TR-0065,DISEASE_SCORE,7.9,4.8,2,4.8,False
515759EC-ECE3-E30C-0000-000000000042,SYN-TR-0066,DISEASE_SCORE,6.4,4.3,2,7.0,False
515759EC-ECE3-E30C-0000-000000000043,SYN-TR-0067,DISEASE_SCORE,5.2,5.7,2,2.4,False
515759EC-ECE3-E30C-0000-000000000044,SYN-TR-0068,DISEASE_SCORE,6.7,4.3,2,4.3,False
515759EC-ECE3-E30C-0000-000000000045,SYN-TR-0069,DISEASE_SCORE,8.4,8.6,2,8.5,False
515759EC-ECE3-E30C-0000-000000000046,SYN-TR-0070,DISEASE_SCORE,1.4,6.5,2,6.5,False
515759EC-ECE3-E30C-0000-000000000047,SYN-TR-0071,DISEASE_SCORE,2.6,2.5,2,2.5,False
515759EC-ECE3-E30C-0000-000000000048,SYN-TR-0072,DISEASE_SCORE,5.9,6.95,2,6.95,False
515759EC-ECE3-E30C-0000-000000000001,SYN-TR-0001,FLOWERING_DAYS,59.0,71.5,2,71.5,False
515759EC-ECE3-E30C-0000-000000000002,SYN-TR-0002,FLOWERING_DAYS,63.0,54.5,2,54.5,False
515759EC-ECE3-E30C-0000-000000000003,SYN-TR-0003,FLOWERING_DAYS,50.0,88.0,2,88.0,False
515759EC-ECE3-E30C-0000-000000000004,SYN-TR-0004,FLOWERING_DAYS,54.0,55.0,2,55.0,False
515759EC-ECE3-E30C-0000-000000000005,SYN-TR-0005,FLOWERING_DAYS,78.0,54.0,2,47.0,False
515759EC-ECE3-E30C-0000-000000000006,SYN-TR-0006,FLOWERING_DAYS,55.0,83.5,2,90.0,False
515759EC-ECE3-E30C-0000-000000000007,SYN-TR-0007,FLOWERING_DAYS,56.0,63.0,2,63.0,False
515759EC-ECE3-E30C-0000-000000000008,SYN-TR-0008,FLOWERING_DAYS,62.0,82.5,2,82.5,False
515759EC-ECE3-E30C-0000-000000000009,SYN-TR-0009,FLOWERING_DAYS,59.0,78.5,2,78.5,False
515759EC-ECE3-E30C-0000-00000000000A,SYN-TR-0010,FLOWERING_DAYS,87.0,70.5,2,70.5,False
515759EC-ECE3-E30C-0000-00000000000B,SYN-TR-0011,FLOWERING_DAYS,88.0,78.5,2,69.0,False
515759EC-ECE3-E30C-0000-00000000000C,SYN-TR-0012,FLOWERING_DAYS,68.0,71.0,2,71.0,False
515759EC-ECE3-E30C-0000-00000000000D,SYN-TR-0013,FLOWERING_DAYS,72.0,60.5,2,60.5,False
515759EC-ECE3-E30C-0000-00000000000E,SYN-TR-0014,FLOWERING_DAYS,76.0,56.5,2,56.5,False
515759EC-ECE3-E30C-0000-00000000000F,SYN-TR-0015,FLOWERING_DAYS,53.0,56.5,2,52.0,False
515759EC-ECE3-E30C-0000-000000000010,SYN-TR-0016,FLOWERING_DAYS,54.0,58.0,2,64.0,False
515759EC-ECE3-E30C-0000-000000000011,SYN-TR-0017,FLOWERING_DAYS,80.0,61.5,2,61.5,False
515759EC-ECE3-E30C-0000-000000000012,SYN-TR-0018,FLOWERING_DAYS,52.0,70.5,2,61.0,False
515759EC-ECE3-E30C-0000-000000000013,SYN-TR-0019,FLOWERING_DAYS,59.0,59.0,2,59.0,True
515759EC-ECE3-E30C-0000-000000000014,SYN-TR-0020,FLOWERING_DAYS,52.0,70.5,2,70.5,False
515759EC-ECE3-E30C-0000-000000000015,SYN-TR-0021,FLOWERING_DAYS,68.0,64.5,2,,False
515759EC-ECE3-E30C-0000-000000000016,SYN-TR-0022,FLOWERING_DAYS,58.0,72.5,2,53.0,False
515759EC-ECE3-E30C-0000-000000000017,SYN-TR-0023,FLOWERING_DAYS,69.0,69.0,2,69.0,True
515759EC-ECE3-E30C-0000-000000000018,SYN-TR-0024,FLOWERING_DAYS,61.0,77.5,2,77.5,False
515759EC-ECE3-E30C-0000-000000000019,SYN-TR-0025,FLOWERING_DAYS,66.0,61.0,2,61.0,False
515759EC-ECE3-E30C-0000-00000000001A,SYN-TR-0026,FLOWERING_DAYS,82.0,82.5,2,82.5,True
515759EC-ECE3-E30C-0000-00000000001B,SYN-TR-0027,FLOWERING_DAYS,63.0,88.5,2,88.5,False
515759EC-ECE3-E30C-0000-00000000001C,SYN-TR-0028,FLOWERING_DAYS,89.0,77.5,2,77.5,False
515759EC-ECE3-E30C-0000-00000000001D,SYN-TR-0029,FLOWERING_DAYS,58.0,81.0,2,81.0,False
515759EC-ECE3-E30C-0000-00000000001E,SYN-TR-0030,FLOWERING_DAYS,71.0,63.5,2,63.5,False
515759EC-ECE3-E30C-0000-00000000001F,SYN-TR-0031,FLOWERING_DAYS,50.0,62.5,2,62.5,False
515759EC-ECE3-E30C-0000-000000000020,SYN-TR-0032,FLOWERING_DAYS,85.0,64.0,2,64.0,False
515759EC-ECE3-E30C-0000-000000000021,SYN-TR-0033,FLOWERING_DAYS,58.0,60.5,2,60.5,False
515759EC-ECE3-E30C-0000-000000000022,SYN-TR-0034,FLOWERING_DAYS,57.0,78.5,2,72.0,False
515759EC-ECE3-E30C-0000-000000000023,SYN-TR-0035,FLOWERING_DAYS,89.0,81.0,2,80.0,False
515759EC-ECE3-E30C-0000-000000000024,SYN-TR-0036,FLOWERING_DAYS,76.0,88.0,2,88.0,False
515759EC-ECE3-E30C-0000-000000000025,SYN-TR-0037,FLOWERING_DAYS,65.0,85.0,2,78.0,False
515759EC-ECE3-E30C-0000-000000000026,SYN-TR-0038,FLOWERING_DAYS,89.0,80.5,2,80.5,False
515759EC-ECE3-E30C-0000-000000000027,SYN-TR-0039,FLOWERING_DAYS,90.0,83.5,2,94.0,False
515759EC-ECE3-E30C-0000-000000000028,SYN-TR-0040,FLOWERING_DAYS,66.0,79.0,2,79.0,False
515759EC-ECE3-E30C-0000-000000000029,SYN-TR-0041,FLOWERING_DAYS,53.0,53.5,2,59.0,True
515759EC-ECE3-E30C-0000-00000000002A,SYN-TR-0042,FLOWERING_DAYS,61.0,62.5,2,62.5,False
515759EC-ECE3-E30C-0000-00000000002B,SYN-TR-0043,FLOWERING_DAYS,57.0,80.0,2,80.0,False
515759EC-ECE3-E30C-0000-00000000002C,SYN-TR-0044,FLOWERING_DAYS,67.0,81.0,2,81.0,False
515759EC-ECE3-E30C-0000-00000000002D,SYN-TR-0045,FLOWERING_DAYS,86.0,67.0,2,67.0,False
515759EC-ECE3-E30C-0000-00000000002E,SYN-TR-0046,FLOWERING_DAYS,81.0,65.5,2,65.5,False
515759EC-ECE3-E30C-0000-00000000002F,SYN-TR-0047,FLOWERING_DAYS,61.0,70.5,2,70.5,False
515759EC-ECE3-E30C-0000-000000000030,SYN-TR-0048,FLOWERING_DAYS,70.0,86.5,2,88.0,False
515759EC-ECE3-E30C-0000-000000000031,SYN-TR-0049,FLOWERING_DAYS,67.0,55.5,2,56.0,False
515759EC-ECE3-E30C-0000-000000000032,SYN-TR-0050,FLOWERING_DAYS,82.0,58.0,2,58.0,False
515759EC-ECE3-E30C-0000-000000000033,SYN-TR-0051,FLOWERING_DAYS,76.0,70.5,2,70.5,False
515759EC-ECE3-E30C-0000-000000000034,SYN-TR-0052,FLOWERING_DAYS,83.0,63.0,2,63.0,False
515759EC-ECE3-E30C-0000-000000000035,SYN-TR-0053,FLOWERING_DAYS,80.0,57.5,2,57.5,False
515759EC-ECE3-E30C-0000-000000000036,SYN-TR-0054,FLOWERING_DAYS,71.0,78.5,2,78.5,False
515759EC-ECE3-E30C-0000-000000000037,SYN-TR-0055,FLOWERING_DAYS,80.0,75.0,2,75.0,False
515759EC-ECE3-E30C-0000-000000000038,SYN-TR-0056,FLOWERING_DAYS,59.0,85.5,2,85.5,False
515759EC-ECE3-E30C-0000-000000000039,SYN-TR-0057,FLOWERING_DAYS,81.0,87.5,2,87.5,False
515759EC-ECE3-E30C-0000-00000000003A,SYN-TR-0058,FLOWERING_DAYS,68.0,50.0,2,50.0,False
515759EC-ECE3-E30C-0000-00000000003B,SYN-TR-0059,FLOWERING_DAYS,61.0,70.0,2,70.0,False
515759EC-ECE3-E30C-0000-00000000003C,SYN-TR-0060,FLOWERING_DAYS,53.0,78.0,2,72.0,False
515759EC-ECE3-E30C-0000-00000000003D,SYN-TR-0061,FLOWERING_DAYS,77.0,61.5,2,61.5,False
515759EC-ECE3-E30C-0000-00000000003E,SYN-TR-0062,FLOWERING_DAYS,72.0,77.5,2,83.0,False
515759EC-ECE3-E30C-0000-00000000003F,SYN-TR-0063,FLOWERING_DAYS,83.0,76.0,2,76.0,False
515759EC-ECE3-E30C-0000-000000000040,SYN-TR-0064,FLOWERING_DAYS,50.0,71.5,2,71.5,False
515759EC-ECE3-E30C-0000-000000000041,SYN-TR-0065,FLOWERING_DAYS,78.0,89.0,2,89.0,False
515759EC-ECE3-E30C-0000-000000000042,SYN-TR-0066,FLOWERING_DAYS,65.0,80.0,2,80.0,False
515759EC-ECE3-E30C-0000-000000000043,SYN-TR-0067,FLOWERING_DAYS,86.0,70.0,2,70.0,False
515759EC-ECE3-E30C-0000-000000000044,SYN-TR-0068,FLOWERING_DAYS,81.0,66.5,2,66.5,False
515759EC-ECE3-E30C-0000-000000000045,SYN-TR-0069,FLOWERING_DAYS,59.0,79.0,2,79.0,False
515759EC-ECE3-E30C-0000-000000000046,SYN-TR-0070,FLOWERING_DAYS,79.0,80.0,2,80.0,False
515759EC-ECE3-E30C-0000-000000000047,SYN-TR-0071,FLOWERING_DAYS,53.0,65.0,2,65.0,False
515759EC-ECE3-E30C-0000-000000000048,SYN-TR-0072,FLOWERING_DAYS,86.0,78.5,2,78.5,False
515759EC-ECE3-E30C-0000-000000000001,SYN-TR-0001,MOISTURE_PCT,15.4,23.2,2,25.8,False
515759EC-ECE3-E30C-0000-000000000002,SYN-TR-0002,MOISTURE_PCT,17.4,14.95,2,14.95,False
515759EC-ECE3-E30C-0000-000000000003,SYN-TR-0003,MOISTURE_PCT,16.8,24.0,2,24.0,False
515759EC-ECE3-E30C-0000-000000000004,SYN-TR-0004,MOISTURE_PCT,21.0,21.9,2,26.4,False
515759EC-ECE3-E30C-0000-000000000005,SYN-TR-0005,MOISTURE_PCT,18.9,23.85,2,23.85,False
515759EC-ECE3-E30C-0000-000000000006,SYN-TR-0006,MOISTURE_PCT,13.2,22.8,2,18.3,False
515759EC-ECE3-E30C-0000-000000000007,SYN-TR-0007,MOISTURE_PCT,18.3,21.85,2,21.85,False
515759EC-ECE3-E30C-0000-000000000008,SYN-TR-0008,MOISTURE_PCT,21.8,27.2,2,27.2,False
515759EC-ECE3-E30C-0000-000000000009,SYN-TR-0009,MOISTURE_PCT,16.0,22.2,2,22.2,False
515759EC-ECE3-E30C-0000-00000000000A,SYN-TR-0010,MOISTURE_PCT,26.4,18.95,2,18.95,False
515759EC-ECE3-E30C-0000-00000000000B,SYN-TR-0011,MOISTURE_PCT,22.3,10.7,2,10.3,False
515759EC-ECE3-E30C-0000-00000000000C,SYN-TR-0012,MOISTURE_PCT,13.4,22.5,2,22.5,False
515759EC-ECE3-E30C-0000-00000000000D,SYN-TR-0013,MOISTURE_PCT,22.8,26.1,2,26.1,False
515759EC-ECE3-E30C-0000-00000000000E,SYN-TR-0014,MOISTURE_PCT,20.9,16.75,2,16.75,False
515759EC-ECE3-E30C-0000-00000000000F,SYN-TR-0015,MOISTURE_PCT,19.8,16.3,2,14.1,False
515759EC-ECE3-E30C-0000-000000000010,SYN-TR-0016,MOISTURE_PCT,23.5,23.8,2,23.8,False
515759EC-ECE3-E30C-0000-000000000011,SYN-TR-0017,MOISTURE_PCT,22.9,13.2,2,13.2,False
515759EC-ECE3-E30C-0000-000000000012,SYN-TR-0018,MOISTURE_PCT,17.1,19.2,2,27.0,False
515759EC-ECE3-E30C-0000-000000000013,SYN-TR-0019,MOISTURE_PCT,14.0,23.55,2,22.9,False
515759EC-ECE3-E30C-0000-000000000014,SYN-TR-0020,MOISTURE_PCT,15.0,12.8,2,15.5,False
515759EC-ECE3-E30C-0000-000000000015,SYN-TR-0021,MOISTURE_PCT,22.1,21.0,2,24.0,False
515759EC-ECE3-E30C-0000-000000000016,SYN-TR-0022,MOISTURE_PCT,14.0,15.65,2,,False
515759EC-ECE3-E30C-0000-000000000017,SYN-TR-0023,MOISTURE_PCT,22.5,20.2,2,20.2,False
515759EC-ECE3-E30C-0000-000000000018,SYN-TR-0024,MOISTURE_PCT,15.1,21.05,2,21.05,False
515759EC-ECE3-E30C-0000-000000000019,SYN-TR-0025,MOISTURE_PCT,16.1,20.75,2,20.75,False
515759EC-ECE3-E30C-0000-00000000001A,SYN-TR-0026,MOISTURE_PCT,26.3,24.3,2,24.3,False
515759EC-ECE3-E30C-0000-00000000001B,SYN-TR-0027,MOISTURE_PCT,18.8,15.55,2,15.55,False
515759EC-ECE3-E30C-0000-00000000001C,SYN-TR-0028,MOISTURE_PCT,16.0,20.45,2,20.45,False
515759EC-ECE3-E30C-0000-00000000001D,SYN-TR-0029,MOISTURE_PCT,25.6,15.45,2,14.7,False
515759EC-ECE3-E30C-0000-00000000001E,SYN-TR-0030,MOISTURE_PCT,13.3,24.4,2,24.4,False
515759EC-ECE3-E30C-0000-00000000001F,SYN-TR-0031,MOISTURE_PCT,20.9,22.5,2,22.5,False
515759EC-ECE3-E30C-0000-000000000020,SYN-TR-0032,MOISTURE_PCT,22.4,25.7,2,28.2,False
515759EC-ECE3-E30C-0000-000000000021,SYN-TR-0033,MOISTURE_PCT,21.5,11.5,2,11.5,False
515759EC-ECE3-E30C-0000-000000000022,SYN-TR-0034,MOISTURE_PCT,15.7,22.75,2,28.0,False
515759EC-ECE3-E30C-0000-000000000023,SYN-TR-0035,MOISTURE_PCT,23.1,14.75,2,14.75,False
515759EC-ECE3-E30C-0000-000000000024,SYN-TR-0036,MOISTURE_PCT,17.7,20.1,2,,False
515759EC-ECE3-E30C-0000-000000000025,SYN-TR-0037,MOISTURE_PCT,16.2,19.15,2,19.15,False
515759EC-ECE3-E30C-0000-000000000026,SYN-TR-0038,MOISTURE_PCT,16.2,12.8,2,12.8,False
515759EC-ECE3-E30C-0000-000000000027,SYN-TR-0039,MOISTURE_PCT,15.2,20.2,2,12.5,False
515759EC-ECE3-E30C-0000-000000000028,SYN-TR-0040,MOISTURE_PCT,19.8,16.45,2,16.45,False
515759EC-ECE3-E30C-0000-000000000029,SYN-TR-0041,MOISTURE_PCT,16.1,19.1,2,25.0,False
515759EC-ECE3-E30C-0000-00000000002A,SYN-TR-0042,MOISTURE_PCT,17.6,11.1,2,11.1,False
515759EC-ECE3-E30C-0000-00000000002B,SYN-TR-0043,MOISTURE_PCT,26.5,17.5,2,18.2,False
515759EC-ECE3-E30C-0000-00000000002C,SYN-TR-0044,MOISTURE_PCT,23.9,19.25,2,19.25,False
515759EC-ECE3-E30C-0000-00000000002D,SYN-TR-0045,MOISTURE_PCT,25.4,22.75,2,22.75,False
515759EC-ECE3-E30C-0000-00000000002E,SYN-TR-0046,MOISTURE_PCT,15.3,17.5,2,17.5,False
515759EC-ECE3-E30C-0000-00000000002F,SYN-TR-0047,MOISTURE_PCT,17.9,14.2,2,14.2,False
515759EC-ECE3-E30C-0000-000000000030,SYN-TR-0048,MOISTURE_PCT,18.9,19.65,2,19.65,False
515759EC-ECE3-E30C-0000-000000000031,SYN-TR-0049,MOISTURE_PCT,22.4,18.1,2,18.1,False
515759EC-ECE3-E30C-0000-000000000032,SYN-TR-0050,MOISTURE_PCT,18.2,21.0,2,21.0,False
515759EC-ECE3-E30C-0000-000000000033,SYN-TR-0051,MOISTURE_PCT,18.7,18.25,2,18.25,False
515759EC-ECE3-E30C-0000-000000000034,SYN-TR-0052,MOISTURE_PCT,17.1,23.9,2,23.9,False
515759EC-ECE3-E30C-0000-000000000035,SYN-TR-0053,MOISTURE_PCT,25.8,18.5,2,18.5,False
515759EC-ECE3-E30C-0000-000000000036,SYN-TR-0054,MOISTURE_PCT,25.8,13.25,2,12.0,False
515759EC-ECE3-E30C-0000-000000000037,SYN-TR-0055,MOISTURE_PCT,25.1,12.9,2,12.9,False
515759EC-ECE3-E30C-0000-000000000038,SYN-TR-0056,MOISTURE_PCT,23.8,21.1,2,21.1,False
515759EC-ECE3-E30C-0000-000000000039,SYN-TR-0057,MOISTURE_PCT,24.9,18.25,2,12.9,False
515759EC-ECE3-E30C-0000-00000000003A,SYN-TR-0058,MOISTURE_PCT,20.0,13.9,2,16.6,False
515759EC-ECE3-E30C-0000-00000000003B,SYN-TR-0059,MOISTURE_PCT,22.2,24.8,2,24.8,False
515759EC-ECE3-E30C-0000-00000000003C,SYN-TR-0060,MOISTURE_PCT,14.6,16.5,2,16.5,False
515759EC-ECE3-E30C-0000-00000000003D,SYN-TR-0061,MOISTURE_PCT,19.2,13.0,2,13.0,False
515759EC-ECE3-E30C-0000-00000000003E,SYN-TR-0062,MOISTURE_PCT,24.1,13.0,2,,False
515759EC-ECE3-E30C-0000-00000000003F,SYN-TR-0063,MOISTURE_PCT,19.9,24.4,2,24.4,False
515759EC-ECE3-E30C-0000-000000000040,SYN-TR-0064,MOISTURE_PCT,13.2,15.35,2,15.35,False
515759EC-ECE3-E30C-0000-000000000041,SYN-TR-0065,MOISTURE_PCT,20.9,17.55,2,17.55,False
515759EC-ECE3-E30C-0000-000000000042,SYN-TR-0066,MOISTURE_PCT,17.5,22.35,2,22.35,False
515759EC-ECE3-E30C-0000-000000000043,SYN-TR-0067,MOISTURE_PCT,23.7,16.45,2,17.1,False
515759EC-ECE3-E30C-0000-000000000044,SYN-TR-0068,MOISTURE_PCT,25.6,21.2,2,21.2,False
515759EC-ECE3-E30C-0000-000000000045,SYN-TR-0069,MOISTURE_PCT,18.9,20.95,2,20.95,False
515759EC-ECE3-E30C-0000-000000000046,SYN-TR-0070,MOISTURE_PCT,14.0,12.35,2,12.35,False
515759EC-ECE3-E30C-0000-000000000047,SYN-TR-0071,MOISTURE_PCT,15.8,15.5,2,15.5,False
515759EC-ECE3-E30C-0000-000000000048,SYN-TR-0072,MOISTURE_PCT,17.4,27.5,2,27.5,False
515759EC-ECE3-E30C-0000-000000000001,SYN-TR-0001,PLANT_HEIGHT_CM,226.6,237.15,2,237.15,False
515759EC-ECE3-E30C-0000-000000000002,SYN-TR-0002,PLANT_HEIGHT_CM,251.3,216.55,2,216.55,False
515759EC-ECE3-E30C-0000-000000000003,SYN-TR-0003,PLANT_HEIGHT_CM,224.5,271.05,2,271.05,False
515759EC-ECE3-E30C-0000-000000000004,SYN-TR-0004,PLANT_HEIGHT_CM,156.1,295.2,2,284.7,False
515759EC-ECE3-E30C-0000-000000000005,SYN-TR-0005,PLANT_HEIGHT_CM,229.6,236.3,2,236.3,False
515759EC-ECE3-E30C-0000-000000000006,SYN-TR-0006,PLANT_HEIGHT_CM,293.1,236.9,2,303.0,False
515759EC-ECE3-E30C-0000-000000000007,SYN-TR-0007,PLANT_HEIGHT_CM,192.1,214.35,2,214.35,False
515759EC-ECE3-E30C-0000-000000000008,SYN-TR-0008,PLANT_HEIGHT_CM,253.7,200.25,2,200.25,False
515759EC-ECE3-E30C-0000-000000000009,SYN-TR-0009,PLANT_HEIGHT_CM,187.8,216.5,2,216.5,False
515759EC-ECE3-E30C-0000-00000000000A,SYN-TR-0010,PLANT_HEIGHT_CM,267.1,184.45,2,184.45,False
515759EC-ECE3-E30C-0000-00000000000B,SYN-TR-0011,PLANT_HEIGHT_CM,228.3,245.9,2,245.9,False
515759EC-ECE3-E30C-0000-00000000000C,SYN-TR-0012,PLANT_HEIGHT_CM,259.9,242.15,2,289.7,False
515759EC-ECE3-E30C-0000-00000000000D,SYN-TR-0013,PLANT_HEIGHT_CM,242.2,251.4,2,251.4,False
515759EC-ECE3-E30C-0000-00000000000E,SYN-TR-0014,PLANT_HEIGHT_CM,199.2,223.95,2,223.95,False
515759EC-ECE3-E30C-0000-00000000000F,SYN-TR-0015,PLANT_HEIGHT_CM,176.0,210.35,2,210.35,False
515759EC-ECE3-E30C-0000-000000000010,SYN-TR-0016,PLANT_HEIGHT_CM,288.6,262.9,2,262.9,False
515759EC-ECE3-E30C-0000-000000000011,SYN-TR-0017,PLANT_HEIGHT_CM,242.4,222.2,2,150.7,False
515759EC-ECE3-E30C-0000-000000000012,SYN-TR-0018,PLANT_HEIGHT_CM,253.1,179.95,2,179.95,False
515759EC-ECE3-E30C-0000-000000000013,SYN-TR-0019,PLANT_HEIGHT_CM,210.2,291.75,2,301.5,False
515759EC-ECE3-E30C-0000-000000000014,SYN-TR-0020,PLANT_HEIGHT_CM,202.7,220.35,2,220.35,False
515759EC-ECE3-E30C-0000-000000000015,SYN-TR-0021,PLANT_HEIGHT_CM,172.8,171.3,2,171.3,False
515759EC-ECE3-E30C-0000-000000000016,SYN-TR-0022,PLANT_HEIGHT_CM,223.5,224.4,2,224.4,False
515759EC-ECE3-E30C-0000-000000000017,SYN-TR-0023,PLANT_HEIGHT_CM,167.4,210.0,2,174.8,False
515759EC-ECE3-E30C-0000-000000000018,SYN-TR-0024,PLANT_HEIGHT_CM,262.2,282.65,2,282.65,False
515759EC-ECE3-E30C-0000-000000000019,SYN-TR-0025,PLANT_HEIGHT_CM,202.8,210.65,2,210.65,False
515759EC-ECE3-E30C-0000-00000000001A,SYN-TR-0026,PLANT_HEIGHT_CM,180.6,193.85,2,193.85,False
515759EC-ECE3-E30C-0000-00000000001B,SYN-TR-0027,PLANT_HEIGHT_CM,277.0,294.0,2,294.0,False
515759EC-ECE3-E30C-0000-00000000001C,SYN-TR-0028,PLANT_HEIGHT_CM,160.5,177.75,2,177.75,False
515759EC-ECE3-E30C-0000-00000000001D,SYN-TR-0029,PLANT_HEIGHT_CM,266.4,274.5,2,283.5,False
515759EC-ECE3-E30C-0000-00000000001E,SYN-TR-0030,PLANT_HEIGHT_CM,196.6,246.25,2,246.25,False
515759EC-ECE3-E30C-0000-00000000001F,SYN-TR-0031,PLANT_HEIGHT_CM,175.4,233.3,2,233.3,False
515759EC-ECE3-E30C-0000-000000000020,SYN-TR-0032,PLANT_HEIGHT_CM,178.5,216.7,2,216.7,False
515759EC-ECE3-E30C-0000-000000000021,SYN-TR-0033,PLANT_HEIGHT_CM,283.5,269.8,2,269.8,False
515759EC-ECE3-E30C-0000-000000000022,SYN-TR-0034,PLANT_HEIGHT_CM,260.0,229.1,2,229.1,False
515759EC-ECE3-E30C-0000-000000000023,SYN-TR-0035,PLANT_HEIGHT_CM,256.7,192.7,2,192.7,False
515759EC-ECE3-E30C-0000-000000000024,SYN-TR-0036,PLANT_HEIGHT_CM,156.2,193.45,2,193.45,False
515759EC-ECE3-E30C-0000-000000000025,SYN-TR-0037,PLANT_HEIGHT_CM,236.9,259.3,2,259.3,False
515759EC-ECE3-E30C-0000-000000000026,SYN-TR-0038,PLANT_HEIGHT_CM,217.7,171.6,2,171.6,False
515759EC-ECE3-E30C-0000-000000000027,SYN-TR-0039,PLANT_HEIGHT_CM,273.0,160.35,2,171.5,False
515759EC-ECE3-E30C-0000-000000000028,SYN-TR-0040,PLANT_HEIGHT_CM,203.3,238.15,2,203.4,False
515759EC-ECE3-E30C-0000-000000000029,SYN-TR-0041,PLANT_HEIGHT_CM,276.9,251.8,2,251.8,False
515759EC-ECE3-E30C-0000-00000000002A,SYN-TR-0042,PLANT_HEIGHT_CM,188.7,194.05,2,194.05,False
515759EC-ECE3-E30C-0000-00000000002B,SYN-TR-0043,PLANT_HEIGHT_CM,288.3,236.35,2,236.35,False
515759EC-ECE3-E30C-0000-00000000002C,SYN-TR-0044,PLANT_HEIGHT_CM,295.5,236.05,2,236.05,False
515759EC-ECE3-E30C-0000-00000000002D,SYN-TR-0045,PLANT_HEIGHT_CM,181.9,291.0,2,,False
515759EC-ECE3-E30C-0000-00000000002E,SYN-TR-0046,PLANT_HEIGHT_CM,169.8,289.65,2,289.65,False
515759EC-ECE3-E30C-0000-00000000002F,SYN-TR-0047,PLANT_HEIGHT_CM,240.4,274.9,2,298.0,False
515759EC-ECE3-E30C-0000-000000000030,SYN-TR-0048,PLANT_HEIGHT_CM,202.1,297.35,2,297.35,False
515759EC-ECE3-E30C-0000-000000000031,SYN-TR-0049,PLANT_HEIGHT_CM,256.5,248.2,2,248.2,False
515759EC-ECE3-E30C-0000-000000000032,SYN-TR-0050,PLANT_HEIGHT_CM,191.7,241.65,2,241.65,False
515759EC-ECE3-E30C-0000-000000000033,SYN-TR-0051,PLANT_HEIGHT_CM,217.8,217.85,2,217.85,True
515759EC-ECE3-E30C-0000-000000000034,SYN-TR-0052,PLANT_HEIGHT_CM,176.0,204.25,2,147.5,False
515759EC-ECE3-E30C-0000-000000000035,SYN-TR-0053,PLANT_HEIGHT_CM,180.9,245.5,2,245.5,False
515759EC-ECE3-E30C-0000-000000000036,SYN-TR-0054,PLANT_HEIGHT_CM,250.9,252.95,2,252.95,False
515759EC-ECE3-E30C-0000-000000000037,SYN-TR-0055,PLANT_HEIGHT_CM,277.5,267.35,2,266.2,False
515759EC-ECE3-E30C-0000-000000000038,SYN-TR-0056,PLANT_HEIGHT_CM,193.0,240.75,2,243.7,False
515759EC-ECE3-E30C-0000-000000000039,SYN-TR-0057,PLANT_HEIGHT_CM,222.5,232.75,2,232.75,False
515759EC-ECE3-E30C-0000-00000000003A,SYN-TR-0058,PLANT_HEIGHT_CM,172.3,228.55,2,189.4,False
515759EC-ECE3-E30C-0000-00000000003B,SYN-TR-0059,PLANT_HEIGHT_CM,205.0,184.65,2,184.65,False
515759EC-ECE3-E30C-0000-00000000003C,SYN-TR-0060,PLANT_HEIGHT_CM,199.9,269.75,2,255.5,False
515759EC-ECE3-E30C-0000-00000000003D,SYN-TR-0061,PLANT_HEIGHT_CM,226.1,229.25,2,229.25,False
515759EC-ECE3-E30C-0000-00000000003E,SYN-TR-0062,PLANT_HEIGHT_CM,170.2,259.3,2,259.3,False
515759EC-ECE3-E30C-0000-00000000003F,SYN-TR-0063,PLANT_HEIGHT_CM,189.3,221.2,2,221.2,False
515759EC-ECE3-E30C-0000-000000000040,SYN-TR-0064,PLANT_HEIGHT_CM,238.7,200.0,2,200.0,False
515759EC-ECE3-E30C-0000-000000000041,SYN-TR-0065,PLANT_HEIGHT_CM,228.7,222.35,2,222.35,False
515759EC-ECE3-E30C-0000-000000000042,SYN-TR-0066,PLANT_HEIGHT_CM,250.8,239.7,2,239.7,False
515759EC-ECE3-E30C-0000-000000000043,SYN-TR-0067,PLANT_HEIGHT_CM,208.1,184.05,2,161.4,False
515759EC-ECE3-E30C-0000-000000000044,SYN-TR-0068,PLANT_HEIGHT_CM,219.6,166.4,2,166.4,False
515759EC-ECE3-E30C-0000-000000000045,SYN-TR-0069,PLANT_HEIGHT_CM,225.9,232.85,2,247.3,False
515759EC-ECE3-E30C-0000-000000000046,SYN-TR-0070,PLANT_HEIGHT_CM,281.4,270.8,2,270.8,False
515759EC-ECE3-E30C-0000-000000000047,SYN-TR-0071,PLANT_HEIGHT_CM,251.6,226.25,2,226.25,False
515759EC-ECE3-E30C-0000-000000000048,SYN-TR-0072,PLANT_HEIGHT_CM,230.8,246.4,2,311.1,False
515759EC-ECE3-E30C-0000-000000000001,SYN-TR-0001,YIELD_T_HA,10.05,13.98,2,13.98,False
515759EC-ECE3-E30C-0000-000000000002,SYN-TR-0002,YIELD_T_HA,10.08,11.78,2,11.78,False
515759EC-ECE3-E30C-0000-000000000003,SYN-TR-0003,YIELD_T_HA,10.79,12.32,2,12.32,False
515759EC-ECE3-E30C-0000-000000000004,SYN-TR-0004,YIELD_T_HA,9.69,7.37,2,7.37,False
515759EC-ECE3-E30C-0000-000000000005,SYN-TR-0005,YIELD_T_HA,13.45,7.6,2,7.6,False
515759EC-ECE3-E30C-0000-000000000006,SYN-TR-0006,YIELD_T_HA,8.34,5.62,2,5.62,False
515759EC-ECE3-E30C-0000-000000000007,SYN-TR-0007,YIELD_T_HA,12.68,10.25,2,10.25,False
515759EC-ECE3-E30C-0000-000000000008,SYN-TR-0008,YIELD_T_HA,10.08,8.71,2,8.71,False
515759EC-ECE3-E30C-0000-000000000009,SYN-TR-0009,YIELD_T_HA,6.04,8.36,2,11.66,False
515759EC-ECE3-E30C-0000-00000000000A,SYN-TR-0010,YIELD_T_HA,6.6,8.02,2,8.02,False
515759EC-ECE3-E30C-0000-00000000000B,SYN-TR-0011,YIELD_T_HA,11.23,10.13,2,11.67,False
515759EC-ECE3-E30C-0000-00000000000C,SYN-TR-0012,YIELD_T_HA,5.64,4.7,2,4.7,False
515759EC-ECE3-E30C-0000-00000000000D,SYN-TR-0013,YIELD_T_HA,9.41,8.57,2,8.57,False
515759EC-ECE3-E30C-0000-00000000000E,SYN-TR-0014,YIELD_T_HA,12.23,8.27,2,8.27,False
515759EC-ECE3-E30C-0000-00000000000F,SYN-TR-0015,YIELD_T_HA,5.52,12.49,2,14.04,False
515759EC-ECE3-E30C-0000-000000000010,SYN-TR-0016,YIELD_T_HA,6.35,14.17,2,14.17,False
515759EC-ECE3-E30C-0000-000000000011,SYN-TR-0017,YIELD_T_HA,9.66,9.34,2,9.34,False
515759EC-ECE3-E30C-0000-000000000012,SYN-TR-0018,YIELD_T_HA,13.42,11.09,2,11.09,False
515759EC-ECE3-E30C-0000-000000000013,SYN-TR-0019,YIELD_T_HA,10.68,11.23,2,11.12,False
515759EC-ECE3-E30C-0000-000000000014,SYN-TR-0020,YIELD_T_HA,5.65,5.57,2,5.57,False
515759EC-ECE3-E30C-0000-000000000015,SYN-TR-0021,YIELD_T_HA,8.03,10.64,2,10.64,False
515759EC-ECE3-E30C-0000-000000000016,SYN-TR-0022,YIELD_T_HA,6.07,11.34,2,11.34,False
515759EC-ECE3-E30C-0000-000000000017,SYN-TR-0023,YIELD_T_HA,10.32,9.64,2,9.64,False
515759EC-ECE3-E30C-0000-000000000018,SYN-TR-0024,YIELD_T_HA,12.13,5.7,2,5.34,False
515759EC-ECE3-E30C-0000-000000000019,SYN-TR-0025,YIELD_T_HA,10.43,9.8,2,9.8,False
515759EC-ECE3-E30C-0000-00000000001A,SYN-TR-0026,YIELD_T_HA,10.17,7.78,2,7.78,False
515759EC-ECE3-E30C-0000-00000000001B,SYN-TR-0027,YIELD_T_HA,9.48,7.87,2,9.01,False
515759EC-ECE3-E30C-0000-00000000001C,SYN-TR-0028,YIELD_T_HA,7.13,4.92,2,4.92,False
515759EC-ECE3-E30C-0000-00000000001D,SYN-TR-0029,YIELD_T_HA,6.2,8.99,2,9.81,False
515759EC-ECE3-E30C-0000-00000000001E,SYN-TR-0030,YIELD_T_HA,6.72,11.92,2,11.92,False
515759EC-ECE3-E30C-0000-00000000001F,SYN-TR-0031,YIELD_T_HA,8.5,7.7,2,7.7,False
515759EC-ECE3-E30C-0000-000000000020,SYN-TR-0032,YIELD_T_HA,9.77,10.07,2,10.07,False
515759EC-ECE3-E30C-0000-000000000021,SYN-TR-0033,YIELD_T_HA,12.63,8.6,2,9.84,False
515759EC-ECE3-E30C-0000-000000000022,SYN-TR-0034,YIELD_T_HA,11.05,8.49,2,8.49,False
515759EC-ECE3-E30C-0000-000000000023,SYN-TR-0035,YIELD_T_HA,11.05,11.33,2,11.33,False
515759EC-ECE3-E30C-0000-000000000024,SYN-TR-0036,YIELD_T_HA,6.28,7.67,2,7.67,False
515759EC-ECE3-E30C-0000-000000000025,SYN-TR-0037,YIELD_T_HA,12.58,9.47,2,9.47,False
515759EC-ECE3-E30C-0000-000000000026,SYN-TR-0038,YIELD_T_HA,11.58,9.08,2,13.18,False
515759EC-ECE3-E30C-0000-000000000027,SYN-TR-0039,YIELD_T_HA,12.06,6.94,2,6.94,False
515759EC-ECE3-E30C-0000-000000000028,SYN-TR-0040,YIELD_T_HA,12.07,11.2,2,11.2,False
515759EC-ECE3-E30C-0000-000000000029,SYN-TR-0041,YIELD_T_HA,12.32,13.08,2,,False
515759EC-ECE3-E30C-0000-00000000002A,SYN-TR-0042,YIELD_T_HA,11.0,9.82,2,9.82,False
515759EC-ECE3-E30C-0000-00000000002B,SYN-TR-0043,YIELD_T_HA,9.25,8.38,2,10.44,False
515759EC-ECE3-E30C-0000-00000000002C,SYN-TR-0044,YIELD_T_HA,11.23,11.98,2,14.03,False
515759EC-ECE3-E30C-0000-00000000002D,SYN-TR-0045,YIELD_T_HA,10.12,11.06,2,11.06,False
515759EC-ECE3-E30C-0000-00000000002E,SYN-TR-0046,YIELD_T_HA,10.31,13.1,2,13.1,False
515759EC-ECE3-E30C-0000-00000000002F,SYN-TR-0047,YIELD_T_HA,5.9,12.67,2,12.67,False
515759EC-ECE3-E30C-0000-000000000030,SYN-TR-0048,YIELD_T_HA,8.72,11.19,2,11.19,False
515759EC-ECE3-E30C-0000-000000000031,SYN-TR-0049,YIELD_T_HA,7.37,7.58,2,7.58,False
515759EC-ECE3-E30C-0000-000000000032,SYN-TR-0050,YIELD_T_HA,9.9,14.26,2,14.26,False
515759EC-ECE3-E30C-0000-000000000033,SYN-TR-0051,YIELD_T_HA,13.22,9.66,2,9.17,False
515759EC-ECE3-E30C-0000-000000000034,SYN-TR-0052,YIELD_T_HA,12.31,9.9,2,9.9,False
515759EC-ECE3-E30C-0000-000000000035,SYN-TR-0053,YIELD_T_HA,5.67,13.66,2,13.66,False
515759EC-ECE3-E30C-0000-000000000036,SYN-TR-0054,YIELD_T_HA,7.6,7.78,2,7.78,False
515759EC-ECE3-E30C-0000-000000000037,SYN-TR-0055,YIELD_T_HA,12.36,10.16,2,10.16,False
515759EC-ECE3-E30C-0000-000000000038,SYN-TR-0056,YIELD_T_HA,9.54,9.28,2,9.28,False
515759EC-ECE3-E30C-0000-000000000039,SYN-TR-0057,YIELD_T_HA,12.9,10.4,2,10.4,False
515759EC-ECE3-E30C-0000-00000000003A,SYN-TR-0058,YIELD_T_HA,7.63,12.88,2,12.88,False
515759EC-ECE3-E30C-0000-00000000003B,SYN-TR-0059,YIELD_T_HA,9.54,12.76,2,12.57,False
515759EC-ECE3-E30C-0000-00000000003C,SYN-TR-0060,YIELD_T_HA,10.58,9.39,2,14.05,False
515759EC-ECE3-E30C-0000-00000000003D,SYN-TR-0061,YIELD_T_HA,9.14,10.07,2,10.07,False
515759EC-ECE3-E30C-0000-00000000003E,SYN-TR-0062,YIELD_T_HA,9.27,6.78,2,6.78,False
515759EC-ECE3-E30C-0000-00000000003F,SYN-TR-0063,YIELD_T_HA,6.39,9.96,2,9.96,False
515759EC-ECE3-E30C-0000-000000000040,SYN-TR-0064,YIELD_T_HA,6.37,10.02,2,10.02,False
515759EC-ECE3-E30C-0000-000000000041,SYN-TR-0065,YIELD_T_HA,11.91,10.26,2,13.64,False
515759EC-ECE3-E30C-0000-000000000042,SYN-TR-0066,YIELD_T_HA,8.9,11.8,2,11.8,False
515759EC-ECE3-E30C-0000-000000000043,SYN-TR-0067,YIELD_T_HA,12.17,7.85,2,7.85,False
515759EC-ECE3-E30C-0000-000000000044,SYN-TR-0068,YIELD_T_HA,12.53,10.55,2,10.55,False
515759EC-ECE3-E30C-0000-000000000045,SYN-TR-0069,YIELD_T_HA,8.77,9.5,2,9.5,False
515759EC-ECE3-E30C-0000-000000000046,SYN-TR-0070,YIELD_T_HA,11.24,11.32,2,8.94,False
515759EC-ECE3-E30C-0000-000000000047,SYN-TR-0071,YIELD_T_HA,7.66,6.82,2,6.82,False
515759EC-ECE3-E30C-0000-000000000048,SYN-TR-0072,YIELD_T_HA,10.26,7.75,2,7.75,False
