order,phase,stage_code,when,source,column,present,total,unit,gap
0,Line and genotype,before sowing,before planting,germplasm,MATERIAL_ID,150,150,rows,"Pedigree and lab dates are new in v3, but lab traits are still unnamed and genomics joins lines only by GUID position."
0,Line and genotype,before sowing,before planting,germplasm,PEDIGREE,150,150,rows,"Pedigree and lab dates are new in v3, but lab traits are still unnamed and genomics joins lines only by GUID position."
0,Line and genotype,before sowing,before planting,germplasm,STAGE_CODE_LID,150,150,rows,"Pedigree and lab dates are new in v3, but lab traits are still unnamed and genomics joins lines only by GUID position."
0,Line and genotype,before sowing,before planting,genomics,GENOTYPING_DATE,150,150,rows,"Pedigree and lab dates are new in v3, but lab traits are still unnamed and genomics joins lines only by GUID position."
0,Line and genotype,before sowing,before planting,genomics,GENOMIC_BREEDING_VALUE,150,150,rows,"Pedigree and lab dates are new in v3, but lab traits are still unnamed and genomics joins lines only by GUID position."
0,Line and genotype,before sowing,before planting,lab,NUMBER_VALUE,279,360,rows,"Pedigree and lab dates are new in v3, but lab traits are still unnamed and genomics joins lines only by GUID position."
0,Line and genotype,before sowing,before planting,lab,OBSERVATION_DATE,360,360,rows,"Pedigree and lab dates are new in v3, but lab traits are still unnamed and genomics joins lines only by GUID position."
1,Planting and emergence,VE,day 0,operations,OPERATION_DATE (planting),46,72,trials,BEGIN_DATE is new in v3 and matches the start year; most operations do not.
1,Planting and emergence,VE,day 0,trial,START_YEAR,72,72,rows,BEGIN_DATE is new in v3 and matches the start year; most operations do not.
1,Planting and emergence,VE,day 0,trial,BEGIN_DATE,72,72,rows,BEGIN_DATE is new in v3 and matches the start year; most operations do not.
2,Vegetative growth,V1 to Vn,day 0 to flowering - 14,recommendations,PLANT_HEIGHT_CM,72,72,rows,"Plot heights are dated but few per trial, and do not average to the trial value."
2,Vegetative growth,V1 to Vn,day 0 to flowering - 14,observation,OBSERVATION_VALUE (plant_height_cm),72,72,trials,"Plot heights are dated but few per trial, and do not average to the trial value."
2,Vegetative growth,V1 to Vn,day 0 to flowering - 14,operations,OPERATION_DATE (irrigation),32,72,trials,"Plot heights are dated but few per trial, and do not average to the trial value."
2,Vegetative growth,V1 to Vn,day 0 to flowering - 14,genomics,MARKER_DROUGHT_TOLERANCE,150,150,rows,"Plot heights are dated but few per trial, and do not average to the trial value."
3,Flowering,VT / R1,flowering ± 14 days,recommendations,FLOWERING_DAYS,72,72,rows,"Flowering is a day count, not a date: it can only be placed where planting is recorded."
3,Flowering,VT / R1,flowering ± 14 days,observation,OBSERVATION_VALUE (flowering_days),72,72,trials,"Flowering is a day count, not a date: it can only be placed where planting is recorded."
3,Flowering,VT / R1,flowering ± 14 days,genomics,MARKER_MATURITY,150,150,rows,"Flowering is a day count, not a date: it can only be placed where planting is recorded."
3,Flowering,VT / R1,flowering ± 14 days,operations,OPERATION_DATE (irrigation),32,72,trials,"Flowering is a day count, not a date: it can only be placed where planting is recorded."
4,Grain fill to maturity,R2 to R6,flowering + 14 to harvest,recommendations,DISEASE_SCORE,72,72,rows,Plot disease scores do not average to the trial's score.
4,Grain fill to maturity,R2 to R6,flowering + 14 to harvest,observation,OBSERVATION_VALUE (disease_score),72,72,trials,Plot disease scores do not average to the trial's score.
4,Grain fill to maturity,R2 to R6,flowering + 14 to harvest,genomics,MARKER_DISEASE_RESISTANCE,150,150,rows,Plot disease scores do not average to the trial's score.
4,Grain fill to maturity,R2 to R6,flowering + 14 to harvest,operations,OPERATION_DATE (irrigation),32,72,trials,Plot disease scores do not average to the trial's score.
5,Harvest,harvest,harvest operation,operations,OPERATION_DATE (harvest),27,72,trials,Some harvests are dated before the trial's planting or expected flowering.
5,Harvest,harvest,harvest operation,recommendations,YIELD_T_HA,72,72,rows,Some harvests are dated before the trial's planting or expected flowering.
5,Harvest,harvest,harvest operation,recommendations,MOISTURE_PCT,72,72,rows,Some harvests are dated before the trial's planting or expected flowering.
5,Harvest,harvest,harvest operation,observation,OBSERVATION_VALUE (yield_t_ha),72,72,trials,Some harvests are dated before the trial's planting or expected flowering.
5,Harvest,harvest,harvest operation,observation,OBSERVATION_VALUE (moisture_pct),72,72,trials,Some harvests are dated before the trial's planting or expected flowering.
5,Harvest,harvest,harvest operation,genomics,MARKER_YIELD_POTENTIAL,150,150,rows,Some harvests are dated before the trial's planting or expected flowering.
6,Recommendation,decision,after harvest,recommendations,TRIAL_RECOMMENDATION,72,72,rows,"No decision date; the rationale omits the resistant-material criterion, and no rule links a line's decision to its trials' verdicts."
6,Recommendation,decision,after harvest,recommendations,RECOMMENDATION_RATIONALE,72,72,rows,"No decision date; the rationale omits the resistant-material criterion, and no rule links a line's decision to its trials' verdicts."
6,Recommendation,decision,after harvest,recommendations,RULE_VERSION,72,72,rows,"No decision date; the rationale omits the resistant-material criterion, and no rule links a line's decision to its trials' verdicts."
6,Recommendation,decision,after harvest,germplasm,ADVANCEMENT_DECISION,150,150,rows,"No decision date; the rationale omits the resistant-material criterion, and no rule links a line's decision to its trials' verdicts."
