TRIAL_ID,START_YEAR,YIELD_T_HA,MOISTURE_PCT,DISEASE_SCORE,GENOMIC_BREEDING_VALUE_MEAN,RESISTANT_MATERIAL_PCT,PLANT_HEIGHT_CM,FLOWERING_DAYS,TRIAL_RECOMMENDATION,RECOMMENDATION_RATIONALE,RULE_RECOMMENDATION,yield_ok,moisture_ok,disease_ok,gbv_ok,resistant_ok,ko_yield,ko_disease
SYN-TR-0001,2024,10.05,15.4,7.7,105.4,30.0,226.6,59,FAIL,yield meets threshold; moisture meets threshold; disease risk elevated; genomic value favourable,FAIL,True,True,False,True,False,False,True
SYN-TR-0002,2025,10.08,17.4,4.9,99.9,50.0,251.3,63,HOLD,yield meets threshold; moisture meets threshold; disease score acceptable; genomic value below target,HOLD,True,True,True,False,True,False,False
SYN-TR-0003,2026,10.79,16.8,3.3,106.8,70.0,224.5,50,PASS,yield meets threshold; moisture meets threshold; disease score acceptable; genomic value favourable,PASS,True,True,True,True,True,False,False
SYN-TR-0004,2024,9.69,21.0,7.2,108.9,50.0,156.1,54,FAIL,yield meets threshold; moisture meets threshold; disease risk elevated; genomic value favourable,FAIL,True,True,False,True,True,False,True
SYN-TR-0005,2025,13.45,18.9,5.8,108.9,50.0,229.6,78,HOLD,yield meets threshold; moisture meets threshold; disease risk elevated; genomic value favourable,HOLD,True,True,False,True,True,False,False
SYN-TR-0006,2026,8.34,13.2,8.4,98.6,20.0,293.1,55,FAIL,yield below target; moisture meets threshold; disease risk elevated; genomic value below target,FAIL,False,True,False,False,False,False,True
SYN-TR-0007,2024,12.68,18.3,8.2,105.2,30.0,192.1,56,FAIL,yield meets threshold; moisture meets threshold; disease risk elevated; genomic value favourable,FAIL,True,True,False,True,False,False,True
SYN-TR-0008,2025,10.08,21.8,8.3,103.4,10.0,253.7,62,FAIL,yield meets threshold; moisture meets threshold; disease risk elevated; genomic value favourable,FAIL,True,True,False,True,False,False,True
SYN-TR-0009,2026,6.04,16.0,7.0,109.8,50.0,187.8,59,FAIL,yield below target; moisture meets threshold; disease risk elevated; genomic value favourable,FAIL,False,True,False,True,True,True,False
SYN-TR-0010,2024,6.6,26.4,1.6,105.5,50.0,267.1,87,FAIL,yield below target; moisture above target; disease score acceptable; genomic value favourable,FAIL,False,False,True,True,True,True,False
SYN-TR-0011,2025,11.23,22.3,2.1,105.0,50.0,228.3,88,HOLD,yield meets threshold; moisture above target; disease score acceptable; genomic value favourable,HOLD,True,False,True,True,True,False,False
SYN-TR-0012,2026,5.64,13.4,7.6,100.8,40.0,259.9,68,FAIL,yield below target; moisture meets threshold; disease risk elevated; genomic value below target,FAIL,False,True,False,False,False,True,True
SYN-TR-0013,2024,9.41,22.8,6.5,105.5,70.0,242.2,72,HOLD,yield meets threshold; moisture above target; disease risk elevated; genomic value favourable,HOLD,True,False,False,True,True,False,False
SYN-TR-0014,2025,12.23,20.9,4.2,101.0,30.0,199.2,76,HOLD,yield meets threshold; moisture meets threshold; disease score acceptable; genomic value below target,HOLD,True,True,True,False,False,False,False
SYN-TR-0015,2026,5.52,19.8,1.8,95.3,30.0,176.0,53,FAIL,yield below target; moisture meets threshold; disease score acceptable; genomic value below target,FAIL,False,True,True,False,False,True,False
SYN-TR-0016,2024,6.35,23.5,1.2,105.4,30.0,288.6,54,FAIL,yield below target; moisture above target; disease score acceptable; genomic value favourable,FAIL,False,False,True,True,False,True,False
SYN-TR-0017,2025,9.66,22.9,1.3,99.9,50.0,242.4,80,HOLD,yield meets threshold; moisture above target; disease score acceptable; genomic value below target,HOLD,True,False,True,False,True,False,False
SYN-TR-0018,2026,13.42,17.1,3.3,106.8,70.0,253.1,52,PASS,yield meets threshold; moisture meets threshold; disease score acceptable; genomic value favourable,PASS,True,True,True,True,True,False,False
SYN-TR-0019,2024,10.68,14.0,6.3,108.9,50.0,210.2,59,HOLD,yield meets threshold; moisture meets threshold; disease risk elevated; genomic value favourable,HOLD,True,True,False,True,True,False,False
SYN-TR-0020,2025,5.65,15.0,8.0,108.9,50.0,202.7,52,FAIL,yield below target; moisture meets threshold; disease risk elevated; genomic value favourable,FAIL,False,True,False,True,True,True,True
SYN-TR-0021,2026,8.03,22.1,8.2,98.6,20.0,172.8,68,FAIL,yield below target; moisture above target; disease risk elevated; genomic value below target,FAIL,False,False,False,False,False,False,True
SYN-TR-0022,2024,6.07,14.0,3.1,105.2,30.0,223.5,58,FAIL,yield below target; moisture meets threshold; disease score acceptable; genomic value favourable,FAIL,False,True,True,True,False,True,False
SYN-TR-0023,2025,10.32,22.5,7.8,103.4,10.0,167.4,69,FAIL,yield meets threshold; moisture above target; disease risk elevated; genomic value favourable,FAIL,True,False,False,True,False,False,True
SYN-TR-0024,2026,12.13,15.1,6.7,109.8,50.0,262.2,61,HOLD,yield meets threshold; moisture meets threshold; disease risk elevated; genomic value favourable,HOLD,True,True,False,True,True,False,False
SYN-TR-0025,2024,10.43,16.1,8.3,105.5,50.0,202.8,66,FAIL,yield meets threshold; moisture meets threshold; disease risk elevated; genomic value favourable,FAIL,True,True,False,True,True,False,True
SYN-TR-0026,2025,10.17,26.3,2.6,105.0,50.0,180.6,82,HOLD,yield meets threshold; moisture above target; disease score acceptable; genomic value favourable,HOLD,True,False,True,True,True,False,False
SYN-TR-0027,2026,9.48,18.8,8.2,100.8,40.0,277.0,63,FAIL,yield meets threshold; moisture meets threshold; disease risk elevated; genomic value below target,FAIL,True,True,False,False,False,False,True
SYN-TR-0028,2024,7.13,16.0,2.2,105.5,70.0,160.5,89,HOLD,yield below target; moisture meets threshold; disease score acceptable; genomic value favourable,HOLD,False,True,True,True,True,False,False
SYN-TR-0029,2025,6.2,25.6,8.3,101.0,30.0,266.4,58,FAIL,yield below target; moisture above target; disease risk elevated; genomic value below target,FAIL,False,False,False,False,False,True,True
SYN-TR-0030,2026,6.72,13.3,6.6,95.3,30.0,196.6,71,FAIL,yield below target; moisture meets threshold; disease risk elevated; genomic value below target,FAIL,False,True,False,False,False,True,False
SYN-TR-0031,2024,8.5,20.9,3.9,105.4,30.0,175.4,50,HOLD,yield below target; moisture meets threshold; disease score acceptable; genomic value favourable,HOLD,False,True,True,True,False,False,False
SYN-TR-0032,2025,9.77,22.4,6.1,99.9,50.0,178.5,85,HOLD,yield meets threshold; moisture above target; disease risk elevated; genomic value below target,HOLD,True,False,False,False,True,False,False
SYN-TR-0033,2026,12.63,21.5,1.3,106.8,70.0,283.5,58,PASS,yield meets threshold; moisture meets threshold; disease score acceptable; genomic value favourable,PASS,True,True,True,True,True,False,False
SYN-TR-0034,2024,11.05,15.7,1.5,108.9,50.0,260.0,57,PASS,yield meets threshold; moisture meets threshold; disease score acceptable; genomic value favourable,PASS,True,True,True,True,True,False,False
SYN-TR-0035,2025,11.05,23.1,1.4,108.9,50.0,256.7,89,HOLD,yield meets threshold; moisture above target; disease score acceptable; genomic value favourable,HOLD,True,False,True,True,True,False,False
SYN-TR-0036,2026,6.28,17.7,2.8,98.6,20.0,156.2,76,FAIL,yield below target; moisture meets threshold; disease score acceptable; genomic value below target,FAIL,False,True,True,False,False,True,False
SYN-TR-0037,2024,12.58,16.2,4.2,105.2,30.0,236.9,65,HOLD,yield meets threshold; moisture meets threshold; disease score acceptable; genomic value favourable,HOLD,True,True,True,True,False,False,False
SYN-TR-0038,2025,11.58,16.2,4.9,103.4,10.0,217.7,89,HOLD,yield meets threshold; moisture meets threshold; disease score acceptable; genomic value favourable,HOLD,True,True,True,True,False,False,False
SYN-TR-0039,2026,12.06,15.2,7.7,109.8,50.0,273.0,90,FAIL,yield meets threshold; moisture meets threshold; disease risk elevated; genomic value favourable,FAIL,True,True,False,True,True,False,True
SYN-TR-0040,2024,12.07,19.8,2.1,105.5,50.0,203.3,66,PASS,yield meets threshold; moisture meets threshold; disease score acceptable; genomic value favourable,PASS,True,True,True,True,True,False,False
SYN-TR-0041,2025,12.32,16.1,6.4,105.0,50.0,276.9,53,HOLD,yield meets threshold; moisture meets threshold; disease risk elevated; genomic value favourable,HOLD,True,True,False,True,True,False,False
SYN-TR-0042,2026,11.0,17.6,7.7,100.8,40.0,188.7,61,FAIL,yield meets threshold; moisture meets threshold; disease risk elevated; genomic value below target,FAIL,True,True,False,False,False,False,True
SYN-TR-0043,2024,9.25,26.5,1.1,105.5,70.0,288.3,57,HOLD,yield meets threshold; moisture above target; disease score acceptable; genomic value favourable,HOLD,True,False,True,True,True,False,False
SYN-TR-0044,2025,11.23,23.9,1.6,101.0,30.0,295.5,67,HOLD,yield meets threshold; moisture above target; disease score acceptable; genomic value below target,HOLD,True,False,True,False,False,False,False
SYN-TR-0045,2026,10.12,25.4,8.2,95.3,30.0,181.9,86,FAIL,yield meets threshold; moisture above target; disease risk elevated; genomic value below target,FAIL,True,False,False,False,False,False,True
SYN-TR-0046,2024,10.31,15.3,3.2,105.4,30.0,169.8,81,HOLD,yield meets threshold; moisture meets threshold; disease score acceptable; genomic value favourable,HOLD,True,True,True,True,False,False,False
SYN-TR-0047,2025,5.9,17.9,7.5,99.9,50.0,240.4,61,FAIL,yield below target; moisture meets threshold; disease risk elevated; genomic value below target,FAIL,False,True,False,False,True,True,True
SYN-TR-0048,2026,8.72,18.9,7.6,106.8,70.0,202.1,70,FAIL,yield below target; moisture meets threshold; disease risk elevated; genomic value favourable,FAIL,False,True,False,True,True,False,True
SYN-TR-0049,2024,7.37,22.4,3.7,108.9,50.0,256.5,67,HOLD,yield below target; moisture above target; disease score acceptable; genomic value favourable,HOLD,False,False,True,True,True,False,False
SYN-TR-0050,2025,9.9,18.2,1.7,108.9,50.0,191.7,82,PASS,yield meets threshold; moisture meets threshold; disease score acceptable; genomic value favourable,PASS,True,True,True,True,True,False,False
SYN-TR-0051,2026,13.22,18.7,6.0,98.6,20.0,217.8,76,HOLD,yield meets threshold; moisture meets threshold; disease risk elevated; genomic value below target,HOLD,True,True,False,False,False,False,False
SYN-TR-0052,2024,12.31,17.1,2.5,105.2,30.0,176.0,83,HOLD,yield meets threshold; moisture meets threshold; disease score acceptable; genomic value favourable,HOLD,True,True,True,True,False,False,False
SYN-TR-0053,2025,5.67,25.8,5.9,103.4,10.0,180.9,80,FAIL,yield below target; moisture above target; disease risk elevated; genomic value favourable,FAIL,False,False,False,True,False,True,False
SYN-TR-0054,2026,7.6,25.8,7.4,109.8,50.0,250.9,71,FAIL,yield below target; moisture above target; disease risk elevated; genomic value favourable,FAIL,False,False,False,True,True,False,True
SYN-TR-0055,2024,12.36,25.1,5.8,105.5,50.0,277.5,80,HOLD,yield meets threshold; moisture above target; disease risk elevated; genomic value favourable,HOLD,True,False,False,True,True,False,False
SYN-TR-0056,2025,9.54,23.8,3.3,105.0,50.0,193.0,59,HOLD,yield meets threshold; moisture above target; disease score acceptable; genomic value favourable,HOLD,True,False,True,True,True,False,False
SYN-TR-0057,2026,12.9,24.9,3.7,100.8,40.0,222.5,81,HOLD,yield meets threshold; moisture above target; disease score acceptable; genomic value below target,HOLD,True,False,True,False,False,False,False
SYN-TR-0058,2024,7.63,20.0,5.3,105.5,70.0,172.3,68,HOLD,yield below target; moisture meets threshold; disease risk elevated; genomic value favourable,HOLD,False,True,False,True,True,False,False
SYN-TR-0059,2025,9.54,22.2,2.5,101.0,30.0,205.0,61,HOLD,yield meets threshold; moisture above target; disease score acceptable; genomic value below target,HOLD,True,False,True,False,False,False,False
SYN-TR-0060,2026,10.58,14.6,1.4,95.3,30.0,199.9,53,HOLD,yield meets threshold; moisture meets threshold; disease score acceptable; genomic value below target,HOLD,True,True,True,False,False,False,False
SYN-TR-0061,2024,9.14,19.2,7.0,105.4,30.0,226.1,77,HOLD,yield meets threshold; moisture meets threshold; disease risk elevated; genomic value favourable,HOLD,True,True,False,True,False,False,False
SYN-TR-0062,2025,9.27,24.1,3.2,99.9,50.0,170.2,72,HOLD,yield meets threshold; moisture above target; disease score acceptable; genomic value below target,HOLD,True,False,True,False,True,False,False
SYN-TR-0063,2026,6.39,19.9,5.9,106.8,70.0,189.3,83,FAIL,yield below target; moisture meets threshold; disease risk elevated; genomic value favourable,FAIL,False,True,False,True,True,True,False
SYN-TR-0064,2024,6.37,13.2,6.0,108.9,50.0,238.7,50,FAIL,yield below target; moisture meets threshold; disease risk elevated; genomic value favourable,FAIL,False,True,False,True,True,True,False
SYN-TR-0065,2025,11.91,20.9,7.9,108.9,50.0,228.7,78,FAIL,yield meets threshold; moisture meets threshold; disease risk elevated; genomic value favourable,FAIL,True,True,False,True,True,False,True
SYN-TR-0066,2026,8.9,17.5,6.4,98.6,20.0,250.8,65,HOLD,yield below target; moisture meets threshold; disease risk elevated; genomic value below target,HOLD,False,True,False,False,False,False,False
SYN-TR-0067,2024,12.17,23.7,5.2,105.2,30.0,208.1,86,HOLD,yield meets threshold; moisture above target; disease risk elevated; genomic value favourable,HOLD,True,False,False,True,False,False,False
SYN-TR-0068,2025,12.53,25.6,6.7,103.4,10.0,219.6,81,HOLD,yield meets threshold; moisture above target; disease risk elevated; genomic value favourable,HOLD,True,False,False,True,False,False,False
SYN-TR-0069,2026,8.77,18.9,8.4,109.8,50.0,225.9,59,FAIL,yield below target; moisture meets threshold; disease risk elevated; genomic value favourable,FAIL,False,True,False,True,True,False,True
SYN-TR-0070,2024,11.24,14.0,1.4,105.5,50.0,281.4,79,PASS,yield meets threshold; moisture meets threshold; disease score acceptable; genomic value favourable,PASS,True,True,True,True,True,False,False
SYN-TR-0071,2025,7.66,15.8,2.6,105.0,50.0,251.6,53,HOLD,yield below target; moisture meets threshold; disease score acceptable; genomic value favourable,HOLD,False,True,True,True,True,False,False
SYN-TR-0072,2026,10.26,17.4,5.9,100.8,40.0,230.8,86,HOLD,yield meets threshold; moisture meets threshold; disease risk elevated; genomic value below target,HOLD,True,True,False,False,False,False,False
