TRIAL_GUID,TRIAL_ID,START_YEAR,FLOWERING_DAYS,TRIAL_RECOMMENDATION,planting_date,harvest_date,flowering_date,season_days,irrigation_before_planting,irrigation_grain_fill,irrigation_unplaced,reason,no_planting,no_harvest,harvest_before_planting,harvest_before_flowering,date_outside_start_year,narrative
515759EC-ECE3-E30C-0000-000000000001,SYN-TR-0001,2024,59,FAIL,2024-09-18,2025-06-21,2024-11-16,276.0,0,0,0,disease score above 7,False,False,False,False,True,"SYN-TR-0001 (2024 trial, operations dated in another year ⚠): planted 18 Sep 2024; no irrigation recorded; flowering expected ~day 59 (16 Nov 2024); harvested 21 Jun 2025 (day 276). Verdict FAIL: disease score above 7."
515759EC-ECE3-E30C-0000-000000000002,SYN-TR-0002,2025,63,HOLD,,,,,0,0,1,misses the GBV target,True,True,False,False,True,"SYN-TR-0002 (2025 trial, operations dated in another year ⚠): planting not recorded, so the season cannot be placed (no harvest recorded; flowering at day 63 has no anchor). Verdict HOLD: misses the GBV target."
515759EC-ECE3-E30C-0000-000000000003,SYN-TR-0003,2026,50,PASS,2025-05-08,,2025-06-27,,0,0,0,meets all five criteria,False,True,False,False,True,"SYN-TR-0003 (2026 trial, operations dated in another year ⚠): planted 08 May 2025; no irrigation recorded; flowering expected ~day 50 (27 Jun 2025); harvest not recorded. Verdict PASS: meets all five criteria."
515759EC-ECE3-E30C-0000-000000000004,SYN-TR-0004,2024,54,FAIL,,2024-04-22,,,0,0,1,disease score above 7,True,False,False,False,True,"SYN-TR-0004 (2024 trial, operations dated in another year ⚠): planting not recorded, so the season cannot be placed (harvest 22 Apr 2024; flowering at day 54 has no anchor). Verdict FAIL: disease score above 7."
515759EC-ECE3-E30C-0000-000000000005,SYN-TR-0005,2025,78,HOLD,2026-05-24,,2026-08-10,,1,0,0,misses the disease limit,False,True,False,False,True,"SYN-TR-0005 (2025 trial, operations dated in another year ⚠): planted 24 May 2026; irrigated 1× before planting; flowering expected ~day 78 (10 Aug 2026); harvest not recorded. Verdict HOLD: misses the disease limit."
515759EC-ECE3-E30C-0000-000000000006,SYN-TR-0006,2026,55,FAIL,2026-04-24,2026-06-08,2026-06-18,45.0,0,0,0,disease score above 7,False,False,False,True,True,"SYN-TR-0006 (2026 trial, operations dated in another year ⚠): planted 24 Apr 2026; no irrigation recorded; flowering expected ~day 55 (18 Jun 2026); harvested 08 Jun 2026 (day 45) – before expected flowering ⚠. Verdict FAIL: disease score above 7."
515759EC-ECE3-E30C-0000-000000000007,SYN-TR-0007,2024,56,FAIL,2026-10-16,2026-05-04,2026-12-11,-165.0,1,0,0,disease score above 7,False,False,True,False,True,"SYN-TR-0007 (2024 trial, operations dated in another year ⚠): planted 16 Oct 2026; irrigated 1× before planting; flowering expected ~day 56 (11 Dec 2026); harvested 04 May 2026 (day -165) – before planting ⚠. Verdict FAIL: disease score above 7."
515759EC-ECE3-E30C-0000-000000000008,SYN-TR-0008,2025,62,FAIL,,,,,0,0,0,disease score above 7,True,True,False,False,True,"SYN-TR-0008 (2025 trial, operations dated in another year ⚠): planting not recorded, so the season cannot be placed (no harvest recorded; flowering at day 62 has no anchor). Verdict FAIL: disease score above 7."
515759EC-ECE3-E30C-0000-000000000009,SYN-TR-0009,2026,59,FAIL,,2024-10-10,,,0,0,0,yield below 7 t/ha,True,False,False,False,True,"SYN-TR-0009 (2026 trial, operations dated in another year ⚠): planting not recorded, so the season cannot be placed (harvest 10 Oct 2024; flowering at day 59 has no anchor). Verdict FAIL: yield below 7 t/ha."
515759EC-ECE3-E30C-0000-00000000000A,SYN-TR-0010,2024,87,FAIL,2025-10-11,2025-06-10,2026-01-06,-123.0,0,0,0,yield below 7 t/ha,False,False,True,False,True,"SYN-TR-0010 (2024 trial, operations dated in another year ⚠): planted 11 Oct 2025; no irrigation recorded; flowering expected ~day 87 (06 Jan 2026); harvested 10 Jun 2025 (day -123) – before planting ⚠. Verdict FAIL: yield below 7 t/ha."
515759EC-ECE3-E30C-0000-00000000000B,SYN-TR-0011,2025,88,HOLD,2024-10-21,,2025-01-17,,0,1,0,misses the moisture limit,False,True,False,False,True,"SYN-TR-0011 (2025 trial, operations dated in another year ⚠): planted 21 Oct 2024; irrigated 1× grain fill to maturity; flowering expected ~day 88 (17 Jan 2025); harvest not recorded. Verdict HOLD: misses the moisture limit."
515759EC-ECE3-E30C-0000-00000000000C,SYN-TR-0012,2026,68,FAIL,2026-04-08,,2026-06-15,,0,0,0,yield below 7 t/ha and disease score above 7,False,True,False,False,True,"SYN-TR-0012 (2026 trial, operations dated in another year ⚠): planted 08 Apr 2026; no irrigation recorded; flowering expected ~day 68 (15 Jun 2026); harvest not recorded. Verdict FAIL: yield below 7 t/ha and disease score above 7."
515759EC-ECE3-E30C-0000-00000000000D,SYN-TR-0013,2024,72,HOLD,2024-10-08,,2024-12-19,,0,0,0,"misses the moisture limit, disease limit",False,True,False,False,True,"SYN-TR-0013 (2024 trial, operations dated in another year ⚠): planted 08 Oct 2024; no irrigation recorded; flowering expected ~day 72 (19 Dec 2024); harvest not recorded. Verdict HOLD: misses the moisture limit, disease limit."
515759EC-ECE3-E30C-0000-00000000000E,SYN-TR-0014,2025,76,HOLD,2026-10-24,,2027-01-08,,0,0,0,"misses the GBV target, resistant-material share",False,True,False,False,True,"SYN-TR-0014 (2025 trial, operations dated in another year ⚠): planted 24 Oct 2026; no irrigation recorded; flowering expected ~day 76 (08 Jan 2027); harvest not recorded. Verdict HOLD: misses the GBV target, resistant-material share."
515759EC-ECE3-E30C-0000-00000000000F,SYN-TR-0015,2026,53,FAIL,,,,,0,0,1,yield below 7 t/ha,True,True,False,False,True,"SYN-TR-0015 (2026 trial, operations dated in another year ⚠): planting not recorded, so the season cannot be placed (no harvest recorded; flowering at day 53 has no anchor). Verdict FAIL: yield below 7 t/ha."
515759EC-ECE3-E30C-0000-000000000010,SYN-TR-0016,2024,54,FAIL,2026-10-20,2025-04-15,2026-12-13,-553.0,0,0,0,yield below 7 t/ha,False,False,True,False,True,"SYN-TR-0016 (2024 trial, operations dated in another year ⚠): planted 20 Oct 2026; no irrigation recorded; flowering expected ~day 54 (13 Dec 2026); harvested 15 Apr 2025 (day -553) – before planting ⚠. Verdict FAIL: yield below 7 t/ha."
515759EC-ECE3-E30C-0000-000000000011,SYN-TR-0017,2025,80,HOLD,,,,,0,0,0,"misses the moisture limit, GBV target",True,True,False,False,True,"SYN-TR-0017 (2025 trial, operations dated in another year ⚠): planting not recorded, so the season cannot be placed (no harvest recorded; flowering at day 80 has no anchor). Verdict HOLD: misses the moisture limit, GBV target."
515759EC-ECE3-E30C-0000-000000000012,SYN-TR-0018,2026,52,PASS,,,,,0,0,1,meets all five criteria,True,True,False,False,True,"SYN-TR-0018 (2026 trial, operations dated in another year ⚠): planting not recorded, so the season cannot be placed (no harvest recorded; flowering at day 52 has no anchor). Verdict PASS: meets all five criteria."
515759EC-ECE3-E30C-0000-000000000013,SYN-TR-0019,2024,59,HOLD,2024-05-01,2024-06-20,2024-06-29,50.0,0,0,0,misses the disease limit,False,False,False,True,True,"SYN-TR-0019 (2024 trial, operations dated in another year ⚠): planted 01 May 2024; no irrigation recorded; flowering expected ~day 59 (29 Jun 2024); harvested 20 Jun 2024 (day 50) – before expected flowering ⚠. Verdict HOLD: misses the disease limit."
515759EC-ECE3-E30C-0000-000000000014,SYN-TR-0020,2025,52,FAIL,2025-05-14,,2025-07-05,,0,1,0,yield below 7 t/ha and disease score above 7,False,True,False,False,True,"SYN-TR-0020 (2025 trial, operations dated in another year ⚠): planted 14 May 2025; irrigated 1× grain fill to maturity; flowering expected ~day 52 (05 Jul 2025); harvest not recorded. Verdict FAIL: yield below 7 t/ha and disease score above 7."
515759EC-ECE3-E30C-0000-000000000015,SYN-TR-0021,2026,68,FAIL,2025-10-17,,2025-12-24,,0,0,0,disease score above 7,False,True,False,False,True,"SYN-TR-0021 (2026 trial, operations dated in another year ⚠): planted 17 Oct 2025; no irrigation recorded; flowering expected ~day 68 (24 Dec 2025); harvest not recorded. Verdict FAIL: disease score above 7."
515759EC-ECE3-E30C-0000-000000000016,SYN-TR-0022,2024,58,FAIL,2026-09-11,2026-06-04,2026-11-08,-99.0,0,0,0,yield below 7 t/ha,False,False,True,False,True,"SYN-TR-0022 (2024 trial, operations dated in another year ⚠): planted 11 Sep 2026; no irrigation recorded; flowering expected ~day 58 (08 Nov 2026); harvested 04 Jun 2026 (day -99) – before planting ⚠. Verdict FAIL: yield below 7 t/ha."
515759EC-ECE3-E30C-0000-000000000017,SYN-TR-0023,2025,69,FAIL,2024-09-20,,2024-11-28,,1,0,0,disease score above 7,False,True,False,False,True,"SYN-TR-0023 (2025 trial, operations dated in another year ⚠): planted 20 Sep 2024; irrigated 1× before planting; flowering expected ~day 69 (28 Nov 2024); harvest not recorded. Verdict FAIL: disease score above 7."
515759EC-ECE3-E30C-0000-000000000018,SYN-TR-0024,2026,61,HOLD,,2026-06-24,,,0,0,0,misses the disease limit,True,False,False,False,False,"SYN-TR-0024 (2026 trial): planting not recorded, so the season cannot be placed (harvest 24 Jun 2026; flowering at day 61 has no anchor). Verdict HOLD: misses the disease limit."
515759EC-ECE3-E30C-0000-000000000019,SYN-TR-0025,2024,66,FAIL,,2025-05-24,,,0,0,1,disease score above 7,True,False,False,False,True,"SYN-TR-0025 (2024 trial, operations dated in another year ⚠): planting not recorded, so the season cannot be placed (harvest 24 May 2025; flowering at day 66 has no anchor). Verdict FAIL: disease score above 7."
515759EC-ECE3-E30C-0000-00000000001A,SYN-TR-0026,2025,82,HOLD,2024-06-24,,2024-09-14,,1,0,0,misses the moisture limit,False,True,False,False,True,"SYN-TR-0026 (2025 trial, operations dated in another year ⚠): planted 24 Jun 2024; irrigated 1× before planting; flowering expected ~day 82 (14 Sep 2024); harvest not recorded. Verdict HOLD: misses the moisture limit."
515759EC-ECE3-E30C-0000-00000000001B,SYN-TR-0027,2026,63,FAIL,2024-10-08,,2024-12-10,,0,0,0,disease score above 7,False,True,False,False,True,"SYN-TR-0027 (2026 trial, operations dated in another year ⚠): planted 08 Oct 2024; no irrigation recorded; flowering expected ~day 63 (10 Dec 2024); harvest not recorded. Verdict FAIL: disease score above 7."
515759EC-ECE3-E30C-0000-00000000001C,SYN-TR-0028,2024,89,HOLD,2024-04-15,,2024-07-13,,1,0,0,misses the yield target,False,True,False,False,True,"SYN-TR-0028 (2024 trial, operations dated in another year ⚠): planted 15 Apr 2024; irrigated 1× before planting; flowering expected ~day 89 (13 Jul 2024); harvest not recorded. Verdict HOLD: misses the yield target."
515759EC-ECE3-E30C-0000-00000000001D,SYN-TR-0029,2025,58,FAIL,2025-05-17,,2025-07-14,,2,0,0,yield below 7 t/ha and disease score above 7,False,True,False,False,True,"SYN-TR-0029 (2025 trial, operations dated in another year ⚠): planted 17 May 2025; irrigated 2× before planting; flowering expected ~day 58 (14 Jul 2025); harvest not recorded. Verdict FAIL: yield below 7 t/ha and disease score above 7."
515759EC-ECE3-E30C-0000-00000000001E,SYN-TR-0030,2026,71,FAIL,2025-09-14,,2025-11-24,,0,0,0,yield below 7 t/ha,False,True,False,False,True,"SYN-TR-0030 (2026 trial, operations dated in another year ⚠): planted 14 Sep 2025; no irrigation recorded; flowering expected ~day 71 (24 Nov 2025); harvest not recorded. Verdict FAIL: yield below 7 t/ha."
515759EC-ECE3-E30C-0000-00000000001F,SYN-TR-0031,2024,50,HOLD,,,,,0,0,0,"misses the yield target, resistant-material share",True,True,False,False,True,"SYN-TR-0031 (2024 trial, operations dated in another year ⚠): planting not recorded, so the season cannot be placed (no harvest recorded; flowering at day 50 has no anchor). Verdict HOLD: misses the yield target, resistant-material share."
515759EC-ECE3-E30C-0000-000000000020,SYN-TR-0032,2025,85,HOLD,2026-05-23,,2026-08-16,,1,0,0,"misses the moisture limit, disease limit, GBV target",False,True,False,False,True,"SYN-TR-0032 (2025 trial, operations dated in another year ⚠): planted 23 May 2026; irrigated 1× before planting; flowering expected ~day 85 (16 Aug 2026); harvest not recorded. Verdict HOLD: misses the moisture limit, disease limit, GBV target."
515759EC-ECE3-E30C-0000-000000000021,SYN-TR-0033,2026,58,PASS,2024-06-10,2026-09-03,2024-08-07,815.0,0,0,0,meets all five criteria,False,False,False,False,True,"SYN-TR-0033 (2026 trial, operations dated in another year ⚠): planted 10 Jun 2024; no irrigation recorded; flowering expected ~day 58 (07 Aug 2024); harvested 03 Sep 2026 (day 815). Verdict PASS: meets all five criteria."
515759EC-ECE3-E30C-0000-000000000022,SYN-TR-0034,2024,57,PASS,,2024-05-14,,,0,0,0,meets all five criteria,True,False,False,False,True,"SYN-TR-0034 (2024 trial, operations dated in another year ⚠): planting not recorded, so the season cannot be placed (harvest 14 May 2024; flowering at day 57 has no anchor). Verdict PASS: meets all five criteria."
515759EC-ECE3-E30C-0000-000000000023,SYN-TR-0035,2025,89,HOLD,2026-04-10,,2026-07-08,,1,0,0,misses the moisture limit,False,True,False,False,True,"SYN-TR-0035 (2025 trial, operations dated in another year ⚠): planted 10 Apr 2026; irrigated 1× before planting; flowering expected ~day 89 (08 Jul 2026); harvest not recorded. Verdict HOLD: misses the moisture limit."
515759EC-ECE3-E30C-0000-000000000024,SYN-TR-0036,2026,76,FAIL,2024-05-18,2026-06-25,2024-08-02,768.0,0,0,0,yield below 7 t/ha,False,False,False,False,True,"SYN-TR-0036 (2026 trial, operations dated in another year ⚠): planted 18 May 2024; no irrigation recorded; flowering expected ~day 76 (02 Aug 2024); harvested 25 Jun 2026 (day 768). Verdict FAIL: yield below 7 t/ha."
515759EC-ECE3-E30C-0000-000000000025,SYN-TR-0037,2024,65,HOLD,2025-04-15,,2025-06-19,,0,2,0,misses the resistant-material share,False,True,False,False,True,"SYN-TR-0037 (2024 trial, operations dated in another year ⚠): planted 15 Apr 2025; irrigated 2× grain fill to maturity; flowering expected ~day 65 (19 Jun 2025); harvest not recorded. Verdict HOLD: misses the resistant-material share."
515759EC-ECE3-E30C-0000-000000000026,SYN-TR-0038,2025,89,HOLD,2024-10-26,,2025-01-23,,0,0,0,misses the resistant-material share,False,True,False,False,True,"SYN-TR-0038 (2025 trial, operations dated in another year ⚠): planted 26 Oct 2024; no irrigation recorded; flowering expected ~day 89 (23 Jan 2025); harvest not recorded. Verdict HOLD: misses the resistant-material share."
515759EC-ECE3-E30C-0000-000000000027,SYN-TR-0039,2026,90,FAIL,,2026-10-27,,,0,0,0,disease score above 7,True,False,False,False,True,"SYN-TR-0039 (2026 trial, operations dated in another year ⚠): planting not recorded, so the season cannot be placed (harvest 27 Oct 2026; flowering at day 90 has no anchor). Verdict FAIL: disease score above 7."
515759EC-ECE3-E30C-0000-000000000028,SYN-TR-0040,2024,66,PASS,2024-06-23,,2024-08-28,,0,1,0,meets all five criteria,False,True,False,False,True,"SYN-TR-0040 (2024 trial, operations dated in another year ⚠): planted 23 Jun 2024; irrigated 1× grain fill to maturity; flowering expected ~day 66 (28 Aug 2024); harvest not recorded. Verdict PASS: meets all five criteria."
515759EC-ECE3-E30C-0000-000000000029,SYN-TR-0041,2025,53,HOLD,2024-05-21,,2024-07-13,,0,2,0,misses the disease limit,False,True,False,False,True,"SYN-TR-0041 (2025 trial, operations dated in another year ⚠): planted 21 May 2024; irrigated 2× grain fill to maturity; flowering expected ~day 53 (13 Jul 2024); harvest not recorded. Verdict HOLD: misses the disease limit."
515759EC-ECE3-E30C-0000-00000000002A,SYN-TR-0042,2026,61,FAIL,,2025-06-20,,,0,0,1,disease score above 7,True,False,False,False,True,"SYN-TR-0042 (2026 trial, operations dated in another year ⚠): planting not recorded, so the season cannot be placed (harvest 20 Jun 2025; flowering at day 61 has no anchor). Verdict FAIL: disease score above 7."
515759EC-ECE3-E30C-0000-00000000002B,SYN-TR-0043,2024,57,HOLD,2026-05-07,,2026-07-03,,1,0,0,misses the moisture limit,False,True,False,False,True,"SYN-TR-0043 (2024 trial, operations dated in another year ⚠): planted 07 May 2026; irrigated 1× before planting; flowering expected ~day 57 (03 Jul 2026); harvest not recorded. Verdict HOLD: misses the moisture limit."
515759EC-ECE3-E30C-0000-00000000002C,SYN-TR-0044,2025,67,HOLD,2024-10-11,,2024-12-17,,0,1,0,"misses the moisture limit, GBV target, resistant-material share",False,True,False,False,True,"SYN-TR-0044 (2025 trial, operations dated in another year ⚠): planted 11 Oct 2024; irrigated 1× grain fill to maturity; flowering expected ~day 67 (17 Dec 2024); harvest not recorded. Verdict HOLD: misses the moisture limit, GBV target, resistant-material share."
515759EC-ECE3-E30C-0000-00000000002D,SYN-TR-0045,2026,86,FAIL,,,,,0,0,2,disease score above 7,True,True,False,False,True,"SYN-TR-0045 (2026 trial, operations dated in another year ⚠): planting not recorded, so the season cannot be placed (no harvest recorded; flowering at day 86 has no anchor). Verdict FAIL: disease score above 7."
515759EC-ECE3-E30C-0000-00000000002E,SYN-TR-0046,2024,81,HOLD,,,,,0,0,2,misses the resistant-material share,True,True,False,False,True,"SYN-TR-0046 (2024 trial, operations dated in another year ⚠): planting not recorded, so the season cannot be placed (no harvest recorded; flowering at day 81 has no anchor). Verdict HOLD: misses the resistant-material share."
515759EC-ECE3-E30C-0000-00000000002F,SYN-TR-0047,2025,61,FAIL,2025-05-16,,2025-07-16,,1,1,0,yield below 7 t/ha and disease score above 7,False,True,False,False,True,"SYN-TR-0047 (2025 trial, operations dated in another year ⚠): planted 16 May 2025; irrigated 1× grain fill to maturity, 1× before planting; flowering expected ~day 61 (16 Jul 2025); harvest not recorded. Verdict FAIL: yield below 7 t/ha and disease score above 7."
515759EC-ECE3-E30C-0000-000000000030,SYN-TR-0048,2026,70,FAIL,,2025-05-17,,,0,0,0,disease score above 7,True,False,False,False,True,"SYN-TR-0048 (2026 trial, operations dated in another year ⚠): planting not recorded, so the season cannot be placed (harvest 17 May 2025; flowering at day 70 has no anchor). Verdict FAIL: disease score above 7."
515759EC-ECE3-E30C-0000-000000000031,SYN-TR-0049,2024,67,HOLD,2026-10-28,2026-05-08,2027-01-03,-173.0,0,0,0,"misses the yield target, moisture limit",False,False,True,False,True,"SYN-TR-0049 (2024 trial, operations dated in another year ⚠): planted 28 Oct 2026; no irrigation recorded; flowering expected ~day 67 (03 Jan 2027); harvested 08 May 2026 (day -173) – before planting ⚠. Verdict HOLD: misses the yield target, moisture limit."
515759EC-ECE3-E30C-0000-000000000032,SYN-TR-0050,2025,82,PASS,2024-04-19,,2024-07-10,,0,1,0,meets all five criteria,False,True,False,False,True,"SYN-TR-0050 (2025 trial, operations dated in another year ⚠): planted 19 Apr 2024; irrigated 1× grain fill to maturity; flowering expected ~day 82 (10 Jul 2024); harvest not recorded. Verdict PASS: meets all five criteria."
515759EC-ECE3-E30C-0000-000000000033,SYN-TR-0051,2026,76,HOLD,,2026-05-27,,,0,0,2,"misses the disease limit, GBV target, resistant-material share",True,False,False,False,True,"SYN-TR-0051 (2026 trial, operations dated in another year ⚠): planting not recorded, so the season cannot be placed (harvest 27 May 2026; flowering at day 76 has no anchor). Verdict HOLD: misses the disease limit, GBV target, resistant-material share."
515759EC-ECE3-E30C-0000-000000000034,SYN-TR-0052,2024,83,HOLD,2025-10-08,,2025-12-30,,0,0,0,misses the resistant-material share,False,True,False,False,True,"SYN-TR-0052 (2024 trial, operations dated in another year ⚠): planted 08 Oct 2025; no irrigation recorded; flowering expected ~day 83 (30 Dec 2025); harvest not recorded. Verdict HOLD: misses the resistant-material share."
515759EC-ECE3-E30C-0000-000000000035,SYN-TR-0053,2025,80,FAIL,2024-06-08,,2024-08-27,,0,0,0,yield below 7 t/ha,False,True,False,False,True,"SYN-TR-0053 (2025 trial, operations dated in another year ⚠): planted 08 Jun 2024; no irrigation recorded; flowering expected ~day 80 (27 Aug 2024); harvest not recorded. Verdict FAIL: yield below 7 t/ha."
515759EC-ECE3-E30C-0000-000000000036,SYN-TR-0054,2026,71,FAIL,2025-05-28,,2025-08-07,,0,1,0,disease score above 7,False,True,False,False,True,"SYN-TR-0054 (2026 trial, operations dated in another year ⚠): planted 28 May 2025; irrigated 1× grain fill to maturity; flowering expected ~day 71 (07 Aug 2025); harvest not recorded. Verdict FAIL: disease score above 7."
515759EC-ECE3-E30C-0000-000000000037,SYN-TR-0055,2024,80,HOLD,2025-04-22,,2025-07-11,,0,1,0,"misses the moisture limit, disease limit",False,True,False,False,True,"SYN-TR-0055 (2024 trial, operations dated in another year ⚠): planted 22 Apr 2025; irrigated 1× grain fill to maturity; flowering expected ~day 80 (11 Jul 2025); harvest not recorded. Verdict HOLD: misses the moisture limit, disease limit."
515759EC-ECE3-E30C-0000-000000000038,SYN-TR-0056,2025,59,HOLD,,2025-04-27,,,0,0,1,misses the moisture limit,True,False,False,False,True,"SYN-TR-0056 (2025 trial, operations dated in another year ⚠): planting not recorded, so the season cannot be placed (harvest 27 Apr 2025; flowering at day 59 has no anchor). Verdict HOLD: misses the moisture limit."
515759EC-ECE3-E30C-0000-000000000039,SYN-TR-0057,2026,81,HOLD,,,,,0,0,0,"misses the moisture limit, GBV target, resistant-material share",True,True,False,False,True,"SYN-TR-0057 (2026 trial, operations dated in another year ⚠): planting not recorded, so the season cannot be placed (no harvest recorded; flowering at day 81 has no anchor). Verdict HOLD: misses the moisture limit, GBV target, resistant-material share."
515759EC-ECE3-E30C-0000-00000000003A,SYN-TR-0058,2024,68,HOLD,,,,,0,0,1,"misses the yield target, disease limit",True,True,False,False,True,"SYN-TR-0058 (2024 trial, operations dated in another year ⚠): planting not recorded, so the season cannot be placed (no harvest recorded; flowering at day 68 has no anchor). Verdict HOLD: misses the yield target, disease limit."
515759EC-ECE3-E30C-0000-00000000003B,SYN-TR-0059,2025,61,HOLD,,2026-04-02,,,0,0,0,"misses the moisture limit, GBV target, resistant-material share",True,False,False,False,True,"SYN-TR-0059 (2025 trial, operations dated in another year ⚠): planting not recorded, so the season cannot be placed (harvest 02 Apr 2026; flowering at day 61 has no anchor). Verdict HOLD: misses the moisture limit, GBV target, resistant-material share."
515759EC-ECE3-E30C-0000-00000000003C,SYN-TR-0060,2026,53,HOLD,2024-10-20,2025-06-02,2024-12-12,225.0,0,0,0,"misses the GBV target, resistant-material share",False,False,False,False,True,"SYN-TR-0060 (2026 trial, operations dated in another year ⚠): planted 20 Oct 2024; no irrigation recorded; flowering expected ~day 53 (12 Dec 2024); harvested 02 Jun 2025 (day 225). Verdict HOLD: misses the GBV target, resistant-material share."
515759EC-ECE3-E30C-0000-00000000003D,SYN-TR-0061,2024,77,HOLD,,,,,0,0,0,"misses the disease limit, resistant-material share",True,True,False,False,True,"SYN-TR-0061 (2024 trial, operations dated in another year ⚠): planting not recorded, so the season cannot be placed (no harvest recorded; flowering at day 77 has no anchor). Verdict HOLD: misses the disease limit, resistant-material share."
515759EC-ECE3-E30C-0000-00000000003E,SYN-TR-0062,2025,72,HOLD,2025-05-12,2026-10-15,2025-07-23,521.0,0,0,0,"misses the moisture limit, GBV target",False,False,False,False,True,"SYN-TR-0062 (2025 trial, operations dated in another year ⚠): planted 12 May 2025; no irrigation recorded; flowering expected ~day 72 (23 Jul 2025); harvested 15 Oct 2026 (day 521). Verdict HOLD: misses the moisture limit, GBV target."
515759EC-ECE3-E30C-0000-00000000003F,SYN-TR-0063,2026,83,FAIL,2025-04-26,2026-04-28,2025-07-18,367.0,0,0,0,yield below 7 t/ha,False,False,False,False,True,"SYN-TR-0063 (2026 trial, operations dated in another year ⚠): planted 26 Apr 2025; no irrigation recorded; flowering expected ~day 83 (18 Jul 2025); harvested 28 Apr 2026 (day 367). Verdict FAIL: yield below 7 t/ha."
515759EC-ECE3-E30C-0000-000000000040,SYN-TR-0064,2024,50,FAIL,2026-09-04,2024-09-09,2026-10-24,-725.0,0,0,0,yield below 7 t/ha,False,False,True,False,True,"SYN-TR-0064 (2024 trial, operations dated in another year ⚠): planted 04 Sep 2026; no irrigation recorded; flowering expected ~day 50 (24 Oct 2026); harvested 09 Sep 2024 (day -725) – before planting ⚠. Verdict FAIL: yield below 7 t/ha."
515759EC-ECE3-E30C-0000-000000000041,SYN-TR-0065,2025,78,FAIL,2026-05-14,2026-06-22,2026-07-31,39.0,0,0,0,disease score above 7,False,False,False,True,False,SYN-TR-0065 (2025 trial): planted 14 May 2026; no irrigation recorded; flowering expected ~day 78 (31 Jul 2026); harvested 22 Jun 2026 (day 39) – before expected flowering ⚠. Verdict FAIL: disease score above 7.
515759EC-ECE3-E30C-0000-000000000042,SYN-TR-0066,2026,65,HOLD,,,,,0,0,0,"misses the yield target, disease limit, GBV target, resistant-material share",True,True,False,False,True,"SYN-TR-0066 (2026 trial, operations dated in another year ⚠): planting not recorded, so the season cannot be placed (no harvest recorded; flowering at day 65 has no anchor). Verdict HOLD: misses the yield target, disease limit, GBV target, resistant-material share."
515759EC-ECE3-E30C-0000-000000000043,SYN-TR-0067,2024,86,HOLD,2024-04-17,,2024-07-12,,0,0,0,"misses the moisture limit, disease limit, resistant-material share",False,True,False,False,True,"SYN-TR-0067 (2024 trial, operations dated in another year ⚠): planted 17 Apr 2024; no irrigation recorded; flowering expected ~day 86 (12 Jul 2024); harvest not recorded. Verdict HOLD: misses the moisture limit, disease limit, resistant-material share."
515759EC-ECE3-E30C-0000-000000000044,SYN-TR-0068,2025,81,HOLD,,,,,0,0,2,"misses the moisture limit, disease limit, resistant-material share",True,True,False,False,True,"SYN-TR-0068 (2025 trial, operations dated in another year ⚠): planting not recorded, so the season cannot be placed (no harvest recorded; flowering at day 81 has no anchor). Verdict HOLD: misses the moisture limit, disease limit, resistant-material share."
515759EC-ECE3-E30C-0000-000000000045,SYN-TR-0069,2026,59,FAIL,,,,,0,0,2,disease score above 7,True,True,False,False,True,"SYN-TR-0069 (2026 trial, operations dated in another year ⚠): planting not recorded, so the season cannot be placed (no harvest recorded; flowering at day 59 has no anchor). Verdict FAIL: disease score above 7."
515759EC-ECE3-E30C-0000-000000000046,SYN-TR-0070,2024,79,PASS,2024-05-28,2024-05-11,2024-08-15,-17.0,0,0,0,meets all five criteria,False,False,True,False,True,"SYN-TR-0070 (2024 trial, operations dated in another year ⚠): planted 28 May 2024; no irrigation recorded; flowering expected ~day 79 (15 Aug 2024); harvested 11 May 2024 (day -17) – before planting ⚠. Verdict PASS: meets all five criteria."
515759EC-ECE3-E30C-0000-000000000047,SYN-TR-0071,2025,53,HOLD,2024-10-12,,2024-12-04,,0,0,0,misses the yield target,False,True,False,False,True,"SYN-TR-0071 (2025 trial, operations dated in another year ⚠): planted 12 Oct 2024; no irrigation recorded; flowering expected ~day 53 (04 Dec 2024); harvest not recorded. Verdict HOLD: misses the yield target."
515759EC-ECE3-E30C-0000-000000000048,SYN-TR-0072,2026,86,HOLD,,,,,0,0,0,"misses the disease limit, GBV target, resistant-material share",True,True,False,False,True,"SYN-TR-0072 (2026 trial, operations dated in another year ⚠): planting not recorded, so the season cannot be placed (no harvest recorded; flowering at day 86 has no anchor). Verdict HOLD: misses the disease limit, GBV target, resistant-material share."
